lineNum	field	beneficiary	beneficiaryHistory	inpatient	outpatient	carrier	prescription	DME	IsOptional	
2	HMO_MO_CNT	0							TRUE	
3	DUAL_MO_CNT	0							TRUE	
4	DML_IND	INSERT	INSERT	INSERT	INSERT	INSERT	INSERT	INSERT	FALSE	
5	FINAL_ACTION	NULL	NULL	F (F or V)	F	F (F or V)	F	F	FALSE	
6	NCH_NEAR_LINE_REC_IDENT_CD	NULL	NULL	V (V = inpatient)	W (W=outpatient)	O (O=physician)	NULL	M (DMEPOS)	FALSE	
7	NCH_CLM_TYPE_CD	NULL	NULL	60 (Always 60 for inpatient claims)	40 (40=outpatient)	"71 (local carrier, non-DME)"	NULL	82 (DMEPOS)	FALSE	
8	CLAIM_QUERY_CODE	NULL	NULL	"3 (1=Interim, 3=Final, 5=Debit)"	"3 (1=Interim, 3=Final, 5=Debit)"	NULL	NULL	NULL	FALSE	
9	CLM_FAC_TYPE_CD	NULL	NULL	"1 (1=Hospital, 2=SNF, 7=Dialysis)"	"1 (1=Hospital, 2=SNF, 7=Dialysis)"	NULL	NULL	NULL	FALSE	
10	CLM_SRVC_CLSFCTN_TYPE_CD	NULL	NULL	1 (depends on value of CLM_FAC_TYPE_CD)	3 (depends on value of CLM_FAC_TYPE_CD)	NULL	NULL	NULL	FALSE	
11	CLM_FREQ_CD	NULL	NULL	"1 (1=Admit-Discharge, 9=Final)"	"1 (1=Admit-Discharge, 9=Final)"	NULL	NULL	NULL	FALSE	
12	NCH_BENE_BLOOD_DDCTBL_LBLTY_AM	NULL	NULL	0	0	NULL	NULL	NULL	FALSE	
13	NCH_PROFNL_CMPNT_CHRG_AMT	NULL	NULL	4 (fixed $ amount?)	4 (fixed $ amount?)	NULL	NULL	NULL	FALSE	
14	CLM_LINE_NUM	NULL	NULL	1	1	NULL	NULL	NULL	FALSE	
15	REV_CNTR	NULL	NULL	"0001 (total charge, lots of alternatives)"	"0001 (total charge, lots of alternatives)"	NULL	NULL	NULL	FALSE	
16	REV_CNTR_UNIT_CNT	NULL	NULL	0	0	NULL	NULL	NULL	FALSE	
17	REV_CNTR_RATE_AMT	NULL	NULL	0	0	NULL	NULL	NULL	FALSE	
18	CLM_PASS_THRU_PER_DIEM_AMT	NULL	NULL	10 (fixed $ amount?)	NULL	NULL	NULL	NULL	FALSE	
19	CLM_NON_UTLZTN_DAYS_CNT	NULL	NULL	0	NULL	NULL	NULL	NULL	FALSE	
20	NCH_BLOOD_PNTS_FRNSHD_QTY	NULL	NULL	0	NULL	NULL	NULL	NULL	FALSE	
21	CLM_TOT_PPS_CPTL_AMT	NULL	NULL	0	NULL	NULL	NULL	NULL	TRUE	
22	CLM_PPS_CPTL_FSP_AMT	NULL	NULL	0	NULL	NULL	NULL	NULL	TRUE	
23	CLM_PPS_CPTL_OUTLIER_AMT	NULL	NULL	0	NULL	NULL	NULL	NULL	TRUE	
24	CLM_PPS_CPTL_DSPRPRTNT_SHR_AMT	NULL	NULL	0	NULL	NULL	NULL	NULL	TRUE	
25	CLM_PPS_CPTL_IME_AMT	NULL	NULL	0	NULL	NULL	NULL	NULL	TRUE	
26	CLM_PPS_CPTL_EXCPTN_AMT	NULL	NULL	0	NULL	NULL	NULL	NULL	TRUE	
27	CLM_PPS_OLD_CPTL_HLD_HRMLS_AMT	NULL	NULL	0	NULL	NULL	NULL	NULL	TRUE	
28	CLM_PPS_CPTL_DRG_WT_NUM	NULL	NULL	0	NULL	NULL	NULL	NULL	TRUE	
29	BENE_LRD_USED_CNT	NULL	NULL	0	NULL	NULL	NULL	NULL	TRUE	
30	NCH_DRG_OUTLIER_APRVD_PMT_AMT	NULL	NULL	0	NULL	NULL	NULL	NULL	TRUE	
31	IME_OP_CLM_VAL_AMT	NULL	NULL	0	NULL	NULL	NULL	NULL	TRUE	
32	DSH_OP_CLM_VAL_AMT	NULL	NULL	0	NULL	NULL	NULL	NULL	TRUE	
33	REV_CNTR_NDC_QTY	NULL	NULL	0	0	NULL	NULL	NULL	TRUE	
34	CARR_CLM_ENTRY_CD	NULL	NULL	NULL	NULL	1	NULL	1	FALSE	
35	CLM_DISP_CD	NULL	NULL	NULL	NULL	01	NULL	1	FALSE	
36	CARR_CLM_PMT_DNL_CD	NULL	NULL	NULL	NULL	1 (1=paid to physician)	NULL	1 (1=paid to physician)	FALSE	
37	NCH_CLM_BENE_PMT_AMT	NULL	NULL	NULL	NULL	0	NULL	0	FALSE	
38	LINE_NUM	NULL	NULL	NULL	NULL	1	NULL	1	FALSE	
39	CARR_LINE_PRVDR_TYPE_CD	NULL	NULL	NULL	NULL	0	NULL	NULL	FALSE	
40	CARR_LINE_RDCD_PMT_PHYS_ASTN_C	NULL	NULL	NULL	NULL	0	NULL	NULL	FALSE	
41	LINE_CMS_TYPE_SRVC_CD	NULL	NULL	NULL	NULL	1	NULL	(Mapped from SNOMED)	FALSE	
42	LINE_PLACE_OF_SRVC_CD	NULL	NULL	NULL	NULL	11 (11=office)	NULL	11 (11=office)	FALSE	
43	LINE_BENE_PMT_AMT	NULL	NULL	NULL	NULL	0	NULL	0	FALSE	
44	LINE_BENE_PRMRY_PYR_PD_AMT	NULL	NULL	NULL	NULL	0	NULL	1	FALSE	
45	CARR_LINE_ANSTHSA_UNIT_CNT	NULL	NULL	NULL	NULL	0	NULL	NULL	FALSE	
46	SRVC_PRVDR_ID_QLFYR_CD	NULL	NULL	NULL	NULL	NULL	01 (undefined)	NULL	FALSE	
47	PRSCRBR_ID_QLFYR_CD	NULL	NULL	NULL	NULL	NULL	01 (NPI)	NULL	FALSE	
48	PLAN_PBP_REC_NUM	NULL	NULL	NULL	NULL	NULL	999	NULL	FALSE	
49	CMPND_CD	NULL	NULL	NULL	NULL	NULL	(Mapped from Rxnorm)	NULL	FALSE	
50	DRUG_CVRG_STUS_CD	NULL	NULL	NULL	NULL	NULL	C	NULL	FALSE	
51	OTHR_TROOP_AMT	NULL	NULL	NULL	NULL	NULL	0	NULL	FALSE	
52	LICS_AMT	NULL	NULL	NULL	NULL	NULL	0	NULL	FALSE	
53	PLRO_AMT	NULL	NULL	NULL	NULL	NULL	0	NULL	FALSE	
54	RPTD_GAP_DSCNT_NUM	NULL	NULL	NULL	NULL	NULL	0	NULL	FALSE	
55	PHRMCY_SRVC_TYPE_CD	NULL	NULL	NULL	NULL	NULL	Coded	NULL	FALSE	
56	BENE_BIRTH_DT	Coded	Coded	NULL	NULL	NULL	NULL	NULL	FALSE	
57	BENE_COUNTY_CD	Coded	Coded	NULL	NULL	NULL	NULL	NULL	TRUE/FALSE	
58	BENE_CRNT_HIC_NUM	Coded	Coded	NULL	NULL	NULL	NULL	NULL	FALSE	
59	BENE_GVN_NAME	Coded	Coded	NULL	NULL	NULL	NULL	NULL	TRUE/FALSE	
60	BENE_ID	Coded (this calculates the BENE_ID for person which is used later as [bene_id] in other exports; DO NOT CHANGE THIS)	[bene_id]	[bene_id]	[bene_id]	[bene_id]	[bene_id]	[bene_id]	TRUE/FALSE	
61	BENE_MBI_ID	NULL	NULL	NULL	NULL	NULL	NULL	NULL	FALSE	
62	BENE_SEX_IDENT_CD	"1,2"	"1,2"	NULL	NULL	NULL	NULL	NULL	FALSE	
63	BENE_SRNM_NAME	Coded	Coded	NULL	NULL	NULL	NULL	NULL	TRUE/FALSE	
64	BENE_TOT_COINSRNC_DAYS_CNT	NULL	NULL	0	NULL	NULL	NULL	NULL	FALSE	
65	BENE_ZIP_CD	Coded	Coded	NULL	NULL	NULL	NULL	NULL	TRUE/FALSE	
66	CARR_CLM_CASH_DDCTBL_APLD_AMT	NULL	NULL	NULL	NULL	(Sum of LINE_BENE_PTB_DDCTBL_AMT)	NULL	(Sum of LINE_BENE_PTB_DDCTBL_AMT)	FALSE	
67	CARR_CLM_PRMRY_PYR_PD_AMT	NULL	NULL	NULL	NULL	(Sum of LINE_PRVDR_PMT_AMT)	NULL	(Sum of LINE_PRVDR_PMT_AMT)	FALSE	
68	CARR_CLM_PRVDR_ASGNMT_IND_SW	NULL	NULL	NULL	NULL	A (assigned)	NULL	A (assigned)	TRUE/FALSE	
69	CARR_CLM_RFRNG_PIN_NUM	NULL	NULL	NULL	NULL	Coded	NULL	NULL	FALSE	
70	CARR_LINE_MTUS_CNT	NULL	NULL	NULL	NULL	Coded	NULL	NULL	FALSE	
71	CARR_LINE_PRCNG_LCLTY_CD	NULL	NULL	NULL	NULL	[carr_num_from_state]	NULL	NULL	FALSE	
72	CARR_NUM	NULL	NULL	NULL	NULL	[carr_num_from_state]	NULL	[carr_num_from_state]	FALSE	
73	CARR_PRFRNG_PIN_NUM	NULL	NULL	NULL	NULL	Coded	NULL	NULL	FALSE	
74	CLM_DRG_OUTLIER_STAY_CD	NULL	NULL	0	NULL	NULL	NULL	NULL	FALSE	
75	CLM_FROM_DT	NULL	NULL	[encounter_startTimestamp]	[encounter_startTimestamp]	[encounter_startTimestamp]	NULL	[device_startTimestamp]	FALSE	
76	CLM_GRP_ID	NULL	NULL	Coded	Coded	Coded	Coded	Coded	FALSE	
77	CLM_HHA_TOT_VISIT_CNT	NULL	NULL	NULL	NULL	NULL	NULL	NULL	FALSE	
78	CLM_ID	NULL	NULL	Coded	Coded	Coded	NULL	Coded	FALSE	
79	CLM_IP_ADMSN_TYPE_CD	NULL	NULL	"1,2,3"	NULL	NULL	NULL	NULL	FALSE	
80	CLM_OP_BENE_PMT_AMT	NULL	NULL	NULL	0	NULL	NULL	NULL	FALSE	
81	CLM_OP_PRVDR_PMT_AMT	NULL	NULL	NULL	[encounter_claimTotalCost]	NULL	NULL	NULL	FALSE	
82	CLM_PMT_AMT	NULL	NULL	[encounter_claimTotalCost]	[encounter_claimTotalCost]	[encounter_claimTotalCost]	NULL	(Mapped from SNOMED)	FALSE	
83	CLM_PPS_IND_CD	NULL	NULL	[Blank]	NULL	NULL	NULL	NULL	TRUE/FALSE	
84	CLM_THRU_DT	NULL	NULL	[encounter_stopTimestamp]	[encounter_stopTimestamp]	[encounter_stopTimestamp]	NULL	[device_startTimestamp]	FALSE	
85	CLM_TOT_CHRG_AMT	NULL	NULL	Coded	Coded	NULL	NULL	NULL	FALSE	
86	CLM_UTLZTN_DAY_CNT	NULL	NULL	Coded	NULL	NULL	NULL	NULL	FALSE	
87	CVRD_D_PLAN_PD_AMT	NULL	NULL	NULL	NULL	NULL	Coded	NULL	FALSE	
88	DAW_PROD_SLCTN_CD	NULL	NULL	NULL	NULL	NULL	Coded	NULL	FALSE	
89	DAYS_SUPLY_NUM	NULL	NULL	NULL	NULL	NULL	Coded	NULL	FALSE	
90	DMERC_LINE_MTUS_CNT	NULL	NULL	NULL	NULL	NULL	NULL	(supply quantity for DME goes here)	FALSE	
91	FILL_NUM	NULL	NULL	NULL	NULL	NULL	Coded	NULL	FALSE	
92	GDC_ABV_OOPT_AMT	NULL	NULL	NULL	NULL	NULL	Coded	NULL	FALSE	
93	GDC_BLW_OOPT_AMT	NULL	NULL	NULL	NULL	NULL	Coded	NULL	FALSE	
94	LINE_ALOWD_CHRG_AMT	NULL	NULL	NULL	NULL	Coded	NULL	(Mapped from SNOMED)	FALSE	
95	LINE_BENE_PTB_DDCTBL_AMT	NULL	NULL	NULL	NULL	[encounter_claimDeductiblePaid]	NULL	[encounter_claimDeductiblePaid]	FALSE	wrapped in if statement
96	LINE_COINSRNC_AMT	NULL	NULL	NULL	NULL	[encounter_claimCoinsurancePaid]	NULL	[encounter_claimCoinsurancePaid]	FALSE	wrapped in if statement
97	LINE_DME_PRCHS_PRICE_AMT	NULL	NULL	NULL	NULL	NULL	NULL	(Mapped from SNOMED)	FALSE	although devices are linked to encounters. the costs in encounters does not seem to account for devices. so mapped
98	LINE_HCT_HGB_RSLT_NUM	NULL	NULL	NULL	NULL	Coded	NULL	Coded	FALSE	
99	LINE_NCH_PMT_AMT	NULL	NULL	NULL	NULL	Coded	NULL	(Mapped from SNOMED)	FALSE	
100	LINE_PRMRY_ALOWD_CHRG_AMT	NULL	NULL	NULL	NULL	NULL	NULL	(Mapped from SNOMED)	FALSE	
101	LINE_PRVDR_PMT_AMT	NULL	NULL	NULL	NULL	Coded	NULL	(Mapped from SNOMED)	FALSE	
102	LINE_SBMTD_CHRG_AMT	NULL	NULL	NULL	NULL	Coded	NULL	(Mapped from SNOMED)	FALSE	
103	LINE_SRVC_CNT	NULL	NULL	NULL	NULL	Coded	NULL	1	FALSE	
104	NCH_BENE_IP_DDCTBL_AMT	NULL	NULL	Coded	NULL	NULL	NULL	NULL	FALSE	
105	NCH_BENE_PTA_COINSRNC_LBLTY_AM	NULL	NULL	Coded	NULL	NULL	NULL	NULL	FALSE	
106	NCH_BENE_PTB_COINSRNC_AMT	NULL	NULL	NULL	"0,10,20"	NULL	NULL	NULL	FALSE	
107	NCH_BENE_PTB_DDCTBL_AMT	NULL	NULL	NULL	[encounter_claimDeductiblePaid]	NULL	NULL	NULL	FALSE	
108	NCH_CARR_CLM_ALOWD_AMT	NULL	NULL	NULL	NULL	Coded	NULL	(Sum of LINE_ALOWD_CHRG_AMT)	FALSE	
109	NCH_CARR_CLM_SBMTD_CHRG_AMT	NULL	NULL	NULL	NULL	Coded	NULL	(Sum of ÊLINE_SBMTD_CHRG_AMT)	FALSE	
110	NCH_CLM_PRVDR_PMT_AMT	NULL	NULL	NULL	NULL	Coded	NULL	(Sum of LINE_PRVDR_PMT_AMT_	FALSE	
111	NCH_IP_NCVRD_CHRG_AMT	NULL	NULL	Coded	NULL	NULL	NULL	NULL	FALSE	
112	NCH_IP_TOT_DDCTN_AMT	NULL	NULL	Coded	NULL	NULL	NULL	NULL	FALSE	
113	NCH_PRMRY_PYR_CLM_PD_AMT	NULL	NULL	Coded	Coded	NULL	NULL	NULL	FALSE	
114	NCH_WKLY_PROC_DT	NULL	NULL	[encounter_stopTimestamp_nextFriday]	[encounter_stopTimestamp_nextFriday]	[encounter_stopTimestamp_nextFriday]	NULL	[encounter_stopTimestamp_nextFriday]	FALSE	
115	NCVRD_PLAN_PD_AMT	NULL	NULL	NULL	NULL	NULL	Coded	NULL	FALSE	
116	PDE_ID	NULL	NULL	NULL	NULL	NULL	Coded	NULL	FALSE	
117	PLAN_CNTRCT_REC_ID	NULL	NULL	NULL	NULL	NULL	Coded	NULL	FALSE	
118	PROD_SRVC_ID	NULL	NULL	NULL	NULL	NULL	Coded	NULL	FALSE	
119	PRSCRBR_ID	NULL	NULL	NULL	NULL	NULL	Coded	NULL	FALSE	
120	PRVDR_NUM	NULL	NULL	Coded	Coded	NULL	NULL	NULL	TRUE/FALSE	
121	PRVDR_STATE_CD	NULL	NULL	[encounter_providerStateCD]	[encounter_providerStateCD]	NULL	NULL	[encounter_providerStateCD]	TRUE/FALSE	
122	PTNT_DSCHRG_STUS_CD	NULL	NULL	Coded	NULL	NULL	NULL	NULL	TRUE/FALSE	
123	PTNT_PAY_AMT	NULL	NULL	NULL	NULL	NULL	Coded	NULL	FALSE	
124	PTNT_RSDNC_CD	NULL	NULL	NULL	NULL	NULL	Coded	NULL	FALSE	
125	QTY_DSPNSD_NUM	NULL	NULL	NULL	NULL	NULL	Coded	NULL	FALSE	
126	REV_CNTR_1ST_MSP_PD_AMT	NULL	NULL	NULL	0	NULL	NULL	NULL	FALSE	
127	REV_CNTR_2ND_MSP_PD_AMT	NULL	NULL	NULL	0	NULL	NULL	NULL	FALSE	
128	REV_CNTR_BENE_PMT_AMT	NULL	NULL	NULL	0	NULL	NULL	NULL	FALSE	
129	REV_CNTR_BLOOD_DDCTBL_AMT	NULL	NULL	NULL	0	NULL	NULL	NULL	FALSE	
130	REV_CNTR_CASH_DDCTBL_AMT	NULL	NULL	NULL	[encounter_claimDeductiblePaid]	NULL	NULL	NULL	FALSE	
131	REV_CNTR_COINSRNC_WGE_ADJSTD_C	NULL	NULL	NULL	[encounter_claimCoinsurancePaid]	NULL	NULL	NULL	FALSE	
132	REV_CNTR_NCVRD_CHRG_AMT	NULL	NULL	Coded	Coded	NULL	NULL	NULL	TRUE/FALSE	
133	REV_CNTR_PMT_AMT_AMT	NULL	NULL	NULL	[encounter_claimTotalCost]	NULL	NULL	NULL	FALSE	
134	REV_CNTR_PRVDR_PMT_AMT	NULL	NULL	NULL	[encounter_claimTotalCost]	NULL	NULL	NULL	FALSE	
135	REV_CNTR_PTNT_RSPNSBLTY_PMT	NULL	NULL	NULL	[encounter_claimDeductible+Coinsurance]	NULL	NULL	NULL	FALSE	
136	REV_CNTR_RDCD_COINSRNC_AMT	NULL	NULL	NULL	[encounter_claimCoinsurancePaid]	NULL	NULL	NULL	FALSE	
137	REV_CNTR_TOT_CHRG_AMT	NULL	NULL	Coded	Coded	NULL	NULL	NULL	FALSE	
138	RX_SRVC_RFRNC_NUM	NULL	NULL	NULL	NULL	NULL	Coded	NULL	FALSE	
139	SRVC_DT	NULL	NULL	NULL	NULL	NULL	Coded	NULL	FALSE	
140	SRVC_PRVDR_ID	NULL	NULL	NULL	NULL	NULL	Coded	NULL	FALSE	
141	STATE_CODE	Coded	NULL	NULL	NULL	NULL	NULL	NULL	TRUE/FALSE	
142	TAX_NUM	NULL	NULL	NULL	NULL	[encounter_clinician_ssn]	NULL	[encounter_clinician_ssn]	FALSE	
143	TOT_RX_CST_AMT	NULL	NULL	NULL	NULL	NULL	Coded	NULL	FALSE	
144	A_MO_CNT		NULL	NULL	NULL	NULL	NULL	NULL	TRUE	
145	ADJSTMT_DLTN_CD	NULL	NULL	NULL	NULL	NULL	[Blank]	NULL	TRUE	
146	ADMTG_DGNS_CD	NULL	NULL	(use same logic as PRNCPAL_DGNS_CD)	NULL	NULL	NULL	NULL	TRUE	
147	ADMTG_DGNS_VRSN_CD	NULL	NULL	0	NULL	NULL	NULL	NULL	TRUE	
148	AGE	Coded	NULL	NULL	NULL	NULL	NULL	NULL	TRUE	
149	AT_PHYSN_NPI	NULL	NULL	[encounter_providerID]	[encounter_providerID]	NULL	NULL	NULL	TRUE	
150	AT_PHYSN_UPIN	NULL	NULL	[encounter_providerID]	[encounter_providerID]	NULL	NULL	NULL	TRUE	
151	B_MO_CNT		NULL	NULL	NULL	NULL	NULL	NULL	TRUE	
152	BENE_CLM_ACNT_NUM	NULL	NULL	NULL	NULL	NULL	NULL	NULL	TRUE	
153	BENE_CRNT_REC_IND_ID	NULL	NULL	NULL	NULL	NULL	NULL	NULL	TRUE	
154	BENE_ENTLMT_RSN_CURR			NULL	NULL	NULL	NULL	NULL	TRUE	
155	BENE_ENTLMT_RSN_ORIG			NULL	NULL	NULL	NULL	NULL	TRUE	
156	BENE_ESRD_IND			NULL	NULL	NULL	NULL	NULL	TRUE	
157	BENE_HOSPC_PRD_CNT	NULL	NULL	NULL	NULL	NULL	NULL	NULL	TRUE	
158	BENE_IDENT_CD	NULL	NULL	NULL	NULL	NULL	NULL	NULL	TRUE	
159	BENE_MDCR_STATUS_CD	"10,10,11,20,20,21"	"10,10,11,20,20,21"	NULL	NULL	NULL	NULL	NULL	TRUE	
160	BENE_MDL_NAME			NULL	NULL	NULL	NULL	NULL	TRUE	
161	BENE_PTA_TRMNTN_CD	[bene_terminationCode]	[bene_terminationCode]	NULL	NULL	NULL	NULL	NULL	TRUE	
162	BENE_PTB_TRMNTN_CD	[bene_terminationCode]	[bene_terminationCode]	NULL	NULL	NULL	NULL	NULL	TRUE	
163	BENE_RACE_CD	[bene_race]	[bene_race]	NULL	NULL	NULL	NULL	NULL	TRUE	
164	BETOS_CD	NULL	NULL	NULL	(need to code: complex mapping)	NULL	NULL	(complex mapping)	TRUE	
165	BRND_GNRC_CD	NULL	NULL	NULL	NULL	NULL	"B,G (B = brand, G = generic)"	NULL	TRUE	
166	BUYIN_MO_CNT		NULL	NULL	NULL	NULL	NULL	NULL	TRUE	
167	CARR_CLM_HCPCS_YR_CD	NULL	NULL	NULL	NULL	1 (2021)	NULL	1 (1 = 2021)	TRUE	
168	CARR_LINE_CLIA_LAB_NUM	NULL	NULL	NULL	NULL		NULL	NULL	TRUE	
169	CARR_LINE_MTUS_CD	NULL	NULL	NULL	NULL	(mapped from line items)	NULL	NULL	TRUE	
170	CARR_LINE_RX_NUM	NULL	NULL	NULL	NULL		NULL	NULL	TRUE	
171	CLM_ADMSN_DT	NULL	NULL	[encounter_startTimestamp]	NULL	NULL	NULL	NULL	TRUE	
172	CLM_CLNCL_TRIL_NUM	NULL	NULL	NULL	NULL		NULL		TRUE	SKIP
173	CLM_DRG_CD	NULL	NULL	(ICD10CM to DRG Crosswalk)	NULL	NULL	NULL	NULL	TRUE	
174	CLM_E_POA_IND_SW1	NULL	NULL	N (N = diagnosis not present on admission)	NULL	NULL	NULL	NULL	TRUE	
175	CLM_E_POA_IND_SW10	NULL	NULL	NULL	NULL	NULL	NULL	NULL	TRUE	
176	CLM_E_POA_IND_SW11	NULL	NULL	NULL	NULL	NULL	NULL	NULL	TRUE	
177	CLM_E_POA_IND_SW12	NULL	NULL	NULL	NULL	NULL	NULL	NULL	TRUE	
178	CLM_E_POA_IND_SW2	NULL	NULL	N (N = diagnosis not present on admission)	NULL	NULL	NULL	NULL	TRUE	
179	CLM_E_POA_IND_SW3	NULL	NULL	NULL	NULL	NULL	NULL	NULL	TRUE	
180	CLM_E_POA_IND_SW4	NULL	NULL	NULL	NULL	NULL	NULL	NULL	TRUE	
181	CLM_E_POA_IND_SW5	NULL	NULL	NULL	NULL	NULL	NULL	NULL	TRUE	
182	CLM_E_POA_IND_SW6	NULL	NULL	NULL	NULL	NULL	NULL	NULL	TRUE	
183	CLM_E_POA_IND_SW7	NULL	NULL	NULL	NULL	NULL	NULL	NULL	TRUE	
184	CLM_E_POA_IND_SW8	NULL	NULL	NULL	NULL	NULL	NULL	NULL	TRUE	
185	CLM_E_POA_IND_SW9	NULL	NULL	NULL	NULL	NULL	NULL	NULL	TRUE	
186	CLM_HHA_LUPA_IND_CD	NULL	NULL	NULL	NULL	NULL	NULL	NULL	TRUE	
187	CLM_HHA_RFRL_CD	NULL	NULL	NULL	NULL	NULL	NULL	NULL	TRUE	
188	CLM_HOSPC_START_DT_ID	NULL	NULL	NULL	NULL	NULL	NULL	NULL	TRUE	
189	CLM_MCO_PD_SW	NULL	NULL	0 (0 = No managed care organization (MCO) payment)	0 (0 = No managed care organization (MCO) payment)	NULL	NULL	NULL	TRUE	
190	CLM_MDCR_NON_PMT_RSN_CD	NULL	NULL	[Blank]	[Blank]	NULL	NULL	NULL	TRUE	
191	CLM_POA_IND_SW1	NULL	NULL	N (N = diagnosis not present on admission)	NULL	NULL	NULL	NULL	TRUE	
192	CLM_POA_IND_SW10	NULL	NULL	NULL	NULL	NULL	NULL	NULL	TRUE	
193	CLM_POA_IND_SW11	NULL	NULL	NULL	NULL	NULL	NULL	NULL	TRUE	
194	CLM_POA_IND_SW12	NULL	NULL	NULL	NULL	NULL	NULL	NULL	TRUE	
195	CLM_POA_IND_SW13	NULL	NULL	NULL	NULL	NULL	NULL	NULL	TRUE	
196	CLM_POA_IND_SW14	NULL	NULL	NULL	NULL	NULL	NULL	NULL	TRUE	
197	CLM_POA_IND_SW15	NULL	NULL	NULL	NULL	NULL	NULL	NULL	TRUE	
198	CLM_POA_IND_SW16	NULL	NULL	NULL	NULL	NULL	NULL	NULL	TRUE	
199	CLM_POA_IND_SW17	NULL	NULL	NULL	NULL	NULL	NULL	NULL	TRUE	
200	CLM_POA_IND_SW18	NULL	NULL	NULL	NULL	NULL	NULL	NULL	TRUE	
201	CLM_POA_IND_SW19	NULL	NULL	NULL	NULL	NULL	NULL	NULL	TRUE	
202	CLM_POA_IND_SW2	NULL	NULL	N (N = diagnosis not present on admission)	NULL	NULL	NULL	NULL	TRUE	
203	CLM_POA_IND_SW20	NULL	NULL	NULL	NULL	NULL	NULL	NULL	TRUE	
204	CLM_POA_IND_SW21	NULL	NULL	NULL	NULL	NULL	NULL	NULL	TRUE	
205	CLM_POA_IND_SW22	NULL	NULL	NULL	NULL	NULL	NULL	NULL	TRUE	
206	CLM_POA_IND_SW23	NULL	NULL	NULL	NULL	NULL	NULL	NULL	TRUE	
207	CLM_POA_IND_SW24	NULL	NULL	NULL	NULL	NULL	NULL	NULL	TRUE	
208	CLM_POA_IND_SW25	NULL	NULL	NULL	NULL	NULL	NULL	NULL	TRUE	
209	CLM_POA_IND_SW3	NULL	NULL	NULL	NULL	NULL	NULL	NULL	TRUE	
210	CLM_POA_IND_SW4	NULL	NULL	NULL	NULL	NULL	NULL	NULL	TRUE	
211	CLM_POA_IND_SW5	NULL	NULL	NULL	NULL	NULL	NULL	NULL	TRUE	
212	CLM_POA_IND_SW6	NULL	NULL	NULL	NULL	NULL	NULL	NULL	TRUE	
213	CLM_POA_IND_SW7	NULL	NULL	NULL	NULL	NULL	NULL	NULL	TRUE	
214	CLM_POA_IND_SW8	NULL	NULL	NULL	NULL	NULL	NULL	NULL	TRUE	
215	CLM_POA_IND_SW9	NULL	NULL	NULL	NULL	NULL	NULL	NULL	TRUE	
216	CLM_SRC_IP_ADMSN_CD	NULL	NULL	"1,2,4,5"	NULL	NULL	NULL	NULL	TRUE	
217	COVSTART		NULL	NULL	NULL	NULL	NULL	NULL	TRUE	Typically birthdate when patient turns 65
218	CREAT_TS	NULL	NULL	NULL	NULL	NULL	NULL	NULL	TRUE	
219	CREAT_USER_ID	NULL	NULL	NULL	NULL	NULL	NULL	NULL	TRUE	
220	CRNT_BIC	"A,A,D,D,TA"	NULL	NULL	NULL	NULL	NULL	NULL	TRUE	
221	CST_SHR_GRP_APR_CD	"01,02,03,04,05,06,07,08,09,10,13"	NULL	NULL	NULL	NULL	NULL	NULL	TRUE	Could make copayment match these designations
222	CST_SHR_GRP_AUG_CD	"01,02,03,04,05,06,07,08,09,10,14"	NULL	NULL	NULL	NULL	NULL	NULL	TRUE	Could make copayment match these designations
223	CST_SHR_GRP_DEC_CD	"01,02,03,04,05,06,07,08,09,10,15"	NULL	NULL	NULL	NULL	NULL	NULL	TRUE	Could make copayment match these designations
224	CST_SHR_GRP_FEB_CD	"01,02,03,04,05,06,07,08,09,10,16"	NULL	NULL	NULL	NULL	NULL	NULL	TRUE	Could make copayment match these designations
225	CST_SHR_GRP_JAN_CD	"01,02,03,04,05,06,07,08,09,10,17"	NULL	NULL	NULL	NULL	NULL	NULL	TRUE	Could make copayment match these designations
226	CST_SHR_GRP_JUL_CD	"01,02,03,04,05,06,07,08,09,10,18"	NULL	NULL	NULL	NULL	NULL	NULL	TRUE	Could make copayment match these designations
227	CST_SHR_GRP_JUN_CD	"01,02,03,04,05,06,07,08,09,10,19"	NULL	NULL	NULL	NULL	NULL	NULL	TRUE	Could make copayment match these designations
228	CST_SHR_GRP_MAR_CD	"01,02,03,04,05,06,07,08,09,10,20"	NULL	NULL	NULL	NULL	NULL	NULL	TRUE	Could make copayment match these designations
229	CST_SHR_GRP_MAY_CD	"01,02,03,04,05,06,07,08,09,10,21"	NULL	NULL	NULL	NULL	NULL	NULL	TRUE	Could make copayment match these designations
230	CST_SHR_GRP_NOV_CD	"01,02,03,04,05,06,07,08,09,10,22"	NULL	NULL	NULL	NULL	NULL	NULL	TRUE	Could make copayment match these designations
231	CST_SHR_GRP_OCT_CD	"01,02,03,04,05,06,07,08,09,10,23"	NULL	NULL	NULL	NULL	NULL	NULL	TRUE	Could make copayment match these designations
232	CST_SHR_GRP_SEPT_CD	"01,02,03,04,05,06,07,08,09,10,24"	NULL	NULL	NULL	NULL	NULL	NULL	TRUE	Could make copayment match these designations
233	CTSTRPHC_CVRG_CD	NULL	NULL	NULL	NULL	NULL	[Blank]	NULL	TRUE	
234	DEATH_DT	Coded	NULL	NULL	NULL	NULL	NULL	NULL	TRUE	
235	DMERC_LINE_MTUS_CD	NULL	NULL	NULL	NULL	NULL	NULL	0	TRUE	
236	DMERC_LINE_PRCNG_STATE_CD	NULL	NULL	NULL	NULL	NULL	NULL	[bene_stateCode]	TRUE	
237	DMERC_LINE_SCRN_SVGS_AMT	NULL	NULL	NULL	NULL	NULL	NULL	0	TRUE	
238	DMERC_LINE_SUPPLR_TYPE_CD	NULL	NULL	NULL	NULL	NULL	NULL	"0,1,2,3,4,5,6,7,8"	TRUE	
239	DSPNSNG_STUS_CD	NULL	NULL	NULL	NULL	NULL	[Blank]	NULL	TRUE	
240	EFIVEPCT	[Blank]	NULL	NULL	NULL	NULL	NULL	NULL	TRUE	
241	ENRL_SRC	CME	NULL	NULL	NULL	NULL	NULL	NULL	TRUE	
242	FI_CLM_ACTN_CD	NULL	NULL		NULL	NULL	NULL	NULL	TRUE	
243	FI_CLM_PROC_DT	NULL	NULL			NULL	NULL	NULL	TRUE	
244	FI_NUM	NULL	NULL			NULL	NULL	NULL	TRUE	
245	FIPS_STATE_CNTY_APR_CD		NULL	NULL	NULL	NULL	NULL	NULL	TRUE	NOT PRESENT IN DATA DICTIONARY
246	FIPS_STATE_CNTY_AUG_CD		NULL	NULL	NULL	NULL	NULL	NULL	TRUE	NOT PRESENT IN DATA DICTIONARY
247	FIPS_STATE_CNTY_DEC_CD		NULL	NULL	NULL	NULL	NULL	NULL	TRUE	NOT PRESENT IN DATA DICTIONARY
248	FIPS_STATE_CNTY_FEB_CD		NULL	NULL	NULL	NULL	NULL	NULL	TRUE	NOT PRESENT IN DATA DICTIONARY
249	FIPS_STATE_CNTY_JAN_CD		NULL	NULL	NULL	NULL	NULL	NULL	TRUE	NOT PRESENT IN DATA DICTIONARY
250	FIPS_STATE_CNTY_JUL_CD		NULL	NULL	NULL	NULL	NULL	NULL	TRUE	NOT PRESENT IN DATA DICTIONARY
251	FIPS_STATE_CNTY_JUN_CD		NULL	NULL	NULL	NULL	NULL	NULL	TRUE	NOT PRESENT IN DATA DICTIONARY
252	FIPS_STATE_CNTY_MAR_CD		NULL	NULL	NULL	NULL	NULL	NULL	TRUE	NOT PRESENT IN DATA DICTIONARY
253	FIPS_STATE_CNTY_MAY_CD		NULL	NULL	NULL	NULL	NULL	NULL	TRUE	NOT PRESENT IN DATA DICTIONARY
254	FIPS_STATE_CNTY_NOV_CD		NULL	NULL	NULL	NULL	NULL	NULL	TRUE	NOT PRESENT IN DATA DICTIONARY
255	FIPS_STATE_CNTY_OCT_CD		NULL	NULL	NULL	NULL	NULL	NULL	TRUE	NOT PRESENT IN DATA DICTIONARY
256	FIPS_STATE_CNTY_SEPT_CD		NULL	NULL	NULL	NULL	NULL	NULL	TRUE	NOT PRESENT IN DATA DICTIONARY
257	FST_DGNS_E_CD	NULL	NULL			NULL	NULL	NULL	TRUE	
258	FST_DGNS_E_VRSN_CD	NULL	NULL			NULL	NULL	NULL	TRUE	
259	HCPCS_1ST_MDFR_CD	NULL	NULL	NULL			NULL		TRUE	
260	HCPCS_2ND_MDFR_CD	NULL	NULL	NULL			NULL		TRUE	
261	HCPCS_3RD_MDFR_CD	NULL	NULL	NULL	NULL	NULL	NULL		TRUE	
262	HCPCS_4TH_MDFR_CD	NULL	NULL	NULL	NULL	NULL	NULL		TRUE	
263	HCPCS_CD	NULL	NULL				NULL	(Mapped from SNOMED)	TRUE	
264	HMO_1_IND		NULL	NULL	NULL	NULL	NULL	NULL	TRUE	
265	HMO_10_IND		NULL	NULL	NULL	NULL	NULL	NULL	TRUE	
266	HMO_11_IND		NULL	NULL	NULL	NULL	NULL	NULL	TRUE	
267	HMO_12_IND		NULL	NULL	NULL	NULL	NULL	NULL	TRUE	
268	HMO_2_IND		NULL	NULL	NULL	NULL	NULL	NULL	TRUE	
269	HMO_3_IND		NULL	NULL	NULL	NULL	NULL	NULL	TRUE	
270	HMO_4_IND		NULL	NULL	NULL	NULL	NULL	NULL	TRUE	
271	HMO_5_IND		NULL	NULL	NULL	NULL	NULL	NULL	TRUE	
272	HMO_6_IND		NULL	NULL	NULL	NULL	NULL	NULL	TRUE	
273	HMO_7_IND		NULL	NULL	NULL	NULL	NULL	NULL	TRUE	
274	HMO_8_IND		NULL	NULL	NULL	NULL	NULL	NULL	TRUE	
275	HMO_9_IND		NULL	NULL	NULL	NULL	NULL	NULL	TRUE	
276	HPSA_SCRCTY_IND_CD	NULL	NULL	NULL	NULL		NULL	NULL	TRUE	
277	ICD_DGNS_CD1	NULL	NULL				NULL		TRUE	
278	ICD_DGNS_CD10	NULL	NULL				NULL		TRUE	
279	ICD_DGNS_CD11	NULL	NULL				NULL		TRUE	
280	ICD_DGNS_CD12	NULL	NULL				NULL		TRUE	
281	ICD_DGNS_CD13	NULL	NULL			NULL	NULL	NULL	TRUE	
282	ICD_DGNS_CD14	NULL	NULL			NULL	NULL	NULL	TRUE	
283	ICD_DGNS_CD15	NULL	NULL			NULL	NULL	NULL	TRUE	
284	ICD_DGNS_CD16	NULL	NULL			NULL	NULL	NULL	TRUE	
285	ICD_DGNS_CD17	NULL	NULL			NULL	NULL	NULL	TRUE	
286	ICD_DGNS_CD18	NULL	NULL			NULL	NULL	NULL	TRUE	
287	ICD_DGNS_CD19	NULL	NULL			NULL	NULL	NULL	TRUE	
288	ICD_DGNS_CD2	NULL	NULL				NULL		TRUE	
289	ICD_DGNS_CD20	NULL	NULL			NULL	NULL	NULL	TRUE	
290	ICD_DGNS_CD21	NULL	NULL			NULL	NULL	NULL	TRUE	
291	ICD_DGNS_CD22	NULL	NULL			NULL	NULL	NULL	TRUE	
292	ICD_DGNS_CD23	NULL	NULL			NULL	NULL	NULL	TRUE	
293	ICD_DGNS_CD24	NULL	NULL			NULL	NULL	NULL	TRUE	
294	ICD_DGNS_CD25	NULL	NULL			NULL	NULL	NULL	TRUE	
295	ICD_DGNS_CD3	NULL	NULL				NULL		TRUE	
296	ICD_DGNS_CD4	NULL	NULL				NULL		TRUE	
297	ICD_DGNS_CD5	NULL	NULL				NULL		TRUE	
298	ICD_DGNS_CD6	NULL	NULL				NULL		TRUE	
299	ICD_DGNS_CD7	NULL	NULL				NULL		TRUE	
300	ICD_DGNS_CD8	NULL	NULL				NULL		TRUE	
301	ICD_DGNS_CD9	NULL	NULL				NULL		TRUE	
302	ICD_DGNS_E_CD1	NULL	NULL			NULL	NULL	NULL	TRUE	
303	ICD_DGNS_E_CD10	NULL	NULL			NULL	NULL	NULL	TRUE	
304	ICD_DGNS_E_CD11	NULL	NULL			NULL	NULL	NULL	TRUE	
305	ICD_DGNS_E_CD12	NULL	NULL			NULL	NULL	NULL	TRUE	
306	ICD_DGNS_E_CD2	NULL	NULL			NULL	NULL	NULL	TRUE	
307	ICD_DGNS_E_CD3	NULL	NULL			NULL	NULL	NULL	TRUE	
308	ICD_DGNS_E_CD4	NULL	NULL			NULL	NULL	NULL	TRUE	
309	ICD_DGNS_E_CD5	NULL	NULL			NULL	NULL	NULL	TRUE	
310	ICD_DGNS_E_CD6	NULL	NULL			NULL	NULL	NULL	TRUE	
311	ICD_DGNS_E_CD7	NULL	NULL			NULL	NULL	NULL	TRUE	
312	ICD_DGNS_E_CD8	NULL	NULL			NULL	NULL	NULL	TRUE	
313	ICD_DGNS_E_CD9	NULL	NULL			NULL	NULL	NULL	TRUE	
314	ICD_DGNS_E_VRSN_CD1	NULL	NULL			NULL	NULL	NULL	TRUE	
315	ICD_DGNS_E_VRSN_CD10	NULL	NULL			NULL	NULL	NULL	TRUE	
316	ICD_DGNS_E_VRSN_CD11	NULL	NULL			NULL	NULL	NULL	TRUE	
317	ICD_DGNS_E_VRSN_CD12	NULL	NULL			NULL	NULL	NULL	TRUE	
318	ICD_DGNS_E_VRSN_CD2	NULL	NULL			NULL	NULL	NULL	TRUE	
319	ICD_DGNS_E_VRSN_CD3	NULL	NULL			NULL	NULL	NULL	TRUE	
320	ICD_DGNS_E_VRSN_CD4	NULL	NULL			NULL	NULL	NULL	TRUE	
321	ICD_DGNS_E_VRSN_CD5	NULL	NULL			NULL	NULL	NULL	TRUE	
322	ICD_DGNS_E_VRSN_CD6	NULL	NULL			NULL	NULL	NULL	TRUE	
323	ICD_DGNS_E_VRSN_CD7	NULL	NULL			NULL	NULL	NULL	TRUE	
324	ICD_DGNS_E_VRSN_CD8	NULL	NULL			NULL	NULL	NULL	TRUE	
325	ICD_DGNS_E_VRSN_CD9	NULL	NULL			NULL	NULL	NULL	TRUE	
326	ICD_DGNS_VRSN_CD1	NULL	NULL	(Put 0 when ICD10CM is inputted in ICD_DGNS_CD1)			NULL		TRUE	
327	ICD_DGNS_VRSN_CD10	NULL	NULL				NULL		TRUE	
328	ICD_DGNS_VRSN_CD11	NULL	NULL				NULL		TRUE	
329	ICD_DGNS_VRSN_CD12	NULL	NULL				NULL		TRUE	
330	ICD_DGNS_VRSN_CD13	NULL	NULL			NULL	NULL	NULL	TRUE	
331	ICD_DGNS_VRSN_CD14	NULL	NULL			NULL	NULL	NULL	TRUE	
332	ICD_DGNS_VRSN_CD15	NULL	NULL			NULL	NULL	NULL	TRUE	
333	ICD_DGNS_VRSN_CD16	NULL	NULL			NULL	NULL	NULL	TRUE	
334	ICD_DGNS_VRSN_CD17	NULL	NULL			NULL	NULL	NULL	TRUE	
335	ICD_DGNS_VRSN_CD18	NULL	NULL			NULL	NULL	NULL	TRUE	
336	ICD_DGNS_VRSN_CD19	NULL	NULL			NULL	NULL	NULL	TRUE	
337	ICD_DGNS_VRSN_CD2	NULL	NULL				NULL		TRUE	
338	ICD_DGNS_VRSN_CD20	NULL	NULL			NULL	NULL	NULL	TRUE	
339	ICD_DGNS_VRSN_CD21	NULL	NULL			NULL	NULL	NULL	TRUE	
340	ICD_DGNS_VRSN_CD22	NULL	NULL			NULL	NULL	NULL	TRUE	
341	ICD_DGNS_VRSN_CD23	NULL	NULL			NULL	NULL	NULL	TRUE	
342	ICD_DGNS_VRSN_CD24	NULL	NULL			NULL	NULL	NULL	TRUE	
343	ICD_DGNS_VRSN_CD25	NULL	NULL			NULL	NULL	NULL	TRUE	
344	ICD_DGNS_VRSN_CD3	NULL	NULL				NULL		TRUE	
345	ICD_DGNS_VRSN_CD4	NULL	NULL				NULL		TRUE	
346	ICD_DGNS_VRSN_CD5	NULL	NULL				NULL		TRUE	
347	ICD_DGNS_VRSN_CD6	NULL	NULL				NULL		TRUE	
348	ICD_DGNS_VRSN_CD7	NULL	NULL				NULL		TRUE	
349	ICD_DGNS_VRSN_CD8	NULL	NULL				NULL		TRUE	
350	ICD_DGNS_VRSN_CD9	NULL	NULL				NULL		TRUE	
351	ICD_PRCDR_CD1	NULL	NULL			NULL	NULL	NULL	TRUE	
352	ICD_PRCDR_CD10	NULL	NULL			NULL	NULL	NULL	TRUE	
353	ICD_PRCDR_CD11	NULL	NULL			NULL	NULL	NULL	TRUE	
354	ICD_PRCDR_CD12	NULL	NULL			NULL	NULL	NULL	TRUE	
355	ICD_PRCDR_CD13	NULL	NULL			NULL	NULL	NULL	TRUE	
356	ICD_PRCDR_CD14	NULL	NULL			NULL	NULL	NULL	TRUE	
357	ICD_PRCDR_CD15	NULL	NULL			NULL	NULL	NULL	TRUE	
358	ICD_PRCDR_CD16	NULL	NULL			NULL	NULL	NULL	TRUE	
359	ICD_PRCDR_CD17	NULL	NULL			NULL	NULL	NULL	TRUE	
360	ICD_PRCDR_CD18	NULL	NULL			NULL	NULL	NULL	TRUE	
361	ICD_PRCDR_CD19	NULL	NULL			NULL	NULL	NULL	TRUE	
362	ICD_PRCDR_CD2	NULL	NULL			NULL	NULL	NULL	TRUE	
363	ICD_PRCDR_CD20	NULL	NULL			NULL	NULL	NULL	TRUE	
364	ICD_PRCDR_CD21	NULL	NULL			NULL	NULL	NULL	TRUE	
365	ICD_PRCDR_CD22	NULL	NULL			NULL	NULL	NULL	TRUE	
366	ICD_PRCDR_CD23	NULL	NULL			NULL	NULL	NULL	TRUE	
367	ICD_PRCDR_CD24	NULL	NULL			NULL	NULL	NULL	TRUE	
368	ICD_PRCDR_CD25	NULL	NULL			NULL	NULL	NULL	TRUE	
369	ICD_PRCDR_CD3	NULL	NULL			NULL	NULL	NULL	TRUE	
370	ICD_PRCDR_CD4	NULL	NULL			NULL	NULL	NULL	TRUE	
371	ICD_PRCDR_CD5	NULL	NULL			NULL	NULL	NULL	TRUE	
372	ICD_PRCDR_CD6	NULL	NULL			NULL	NULL	NULL	TRUE	
373	ICD_PRCDR_CD7	NULL	NULL			NULL	NULL	NULL	TRUE	
374	ICD_PRCDR_CD8	NULL	NULL			NULL	NULL	NULL	TRUE	
375	ICD_PRCDR_CD9	NULL	NULL			NULL	NULL	NULL	TRUE	
376	ICD_PRCDR_VRSN_CD1	NULL	NULL			NULL	NULL	NULL	TRUE	
377	ICD_PRCDR_VRSN_CD10	NULL	NULL			NULL	NULL	NULL	TRUE	
378	ICD_PRCDR_VRSN_CD11	NULL	NULL			NULL	NULL	NULL	TRUE	
379	ICD_PRCDR_VRSN_CD12	NULL	NULL			NULL	NULL	NULL	TRUE	
380	ICD_PRCDR_VRSN_CD13	NULL	NULL			NULL	NULL	NULL	TRUE	
381	ICD_PRCDR_VRSN_CD14	NULL	NULL			NULL	NULL	NULL	TRUE	
382	ICD_PRCDR_VRSN_CD15	NULL	NULL			NULL	NULL	NULL	TRUE	
383	ICD_PRCDR_VRSN_CD16	NULL	NULL			NULL	NULL	NULL	TRUE	
384	ICD_PRCDR_VRSN_CD17	NULL	NULL			NULL	NULL	NULL	TRUE	
385	ICD_PRCDR_VRSN_CD18	NULL	NULL			NULL	NULL	NULL	TRUE	
386	ICD_PRCDR_VRSN_CD19	NULL	NULL			NULL	NULL	NULL	TRUE	
387	ICD_PRCDR_VRSN_CD2	NULL	NULL			NULL	NULL	NULL	TRUE	
388	ICD_PRCDR_VRSN_CD20	NULL	NULL			NULL	NULL	NULL	TRUE	
389	ICD_PRCDR_VRSN_CD21	NULL	NULL			NULL	NULL	NULL	TRUE	
390	ICD_PRCDR_VRSN_CD22	NULL	NULL			NULL	NULL	NULL	TRUE	
391	ICD_PRCDR_VRSN_CD23	NULL	NULL			NULL	NULL	NULL	TRUE	
392	ICD_PRCDR_VRSN_CD24	NULL	NULL			NULL	NULL	NULL	TRUE	
393	ICD_PRCDR_VRSN_CD25	NULL	NULL			NULL	NULL	NULL	TRUE	
394	ICD_PRCDR_VRSN_CD3	NULL	NULL			NULL	NULL	NULL	TRUE	
395	ICD_PRCDR_VRSN_CD4	NULL	NULL			NULL	NULL	NULL	TRUE	
396	ICD_PRCDR_VRSN_CD5	NULL	NULL			NULL	NULL	NULL	TRUE	
397	ICD_PRCDR_VRSN_CD6	NULL	NULL			NULL	NULL	NULL	TRUE	
398	ICD_PRCDR_VRSN_CD7	NULL	NULL			NULL	NULL	NULL	TRUE	
399	ICD_PRCDR_VRSN_CD8	NULL	NULL			NULL	NULL	NULL	TRUE	
400	ICD_PRCDR_VRSN_CD9	NULL	NULL			NULL	NULL	NULL	TRUE	
401	LINE_1ST_EXPNS_DT	NULL	NULL	NULL	NULL	[encounter_startTimestamp]	NULL	[encounter_startTimestamp]	TRUE	
402	LINE_BENE_PRMRY_PYR_CD	NULL	NULL	NULL	NULL	[Blank]	NULL	[Blank]	TRUE	
403	LINE_HCT_HGB_TYPE_CD	NULL	NULL	NULL	NULL	(R1 when LINE_HCT_HGB_RSLT_NUM as value)	NULL	(R1 when LINE_HCT_HGB_RSLT_NUM as value)	TRUE	
404	LINE_ICD_DGNS_CD	NULL	NULL	NULL	NULL		NULL		TRUE	
405	LINE_ICD_DGNS_VRSN_CD	NULL	NULL	NULL	NULL	0	NULL	0	TRUE	
406	LINE_LAST_EXPNS_DT	NULL	NULL	NULL	NULL	[encounter_stopTimestamp]	NULL	[encounter_stopTimestamp]	TRUE	
407	LINE_NDC_CD	NULL	NULL	NULL	NULL		NULL		TRUE	
408	LINE_PMT_80_100_CD	NULL	NULL	NULL	NULL		NULL		TRUE	
409	LINE_PRCSG_IND_CD	NULL	NULL	NULL	NULL	A	NULL	A	TRUE	
410	LINE_SERVICE_DEDUCTIBLE	NULL	NULL	NULL	NULL		NULL		TRUE	
411	MBI_BGN_RSN_CD	NULL	NULL	NULL	NULL	NULL	NULL	NULL	TRUE	
412	MBI_CARD_RQST_DT	NULL	NULL	NULL	NULL	NULL	NULL	NULL	TRUE	
413	MBI_EFCTV_BGN_DT	NULL	NULL	NULL	NULL	NULL	NULL	NULL	TRUE	
414	MBI_EFCTV_END_DT	NULL	NULL	NULL	NULL	NULL	NULL	NULL	TRUE	
415	MBI_END_RSN_CD	NULL	NULL	NULL	NULL	NULL	NULL	NULL	TRUE	
416	MBI_NUM			NULL	NULL	NULL	NULL	NULL	TRUE	Missing in codebook
417	MBI_SQNC_NUM	NULL	NULL	NULL	NULL	NULL	NULL	NULL	TRUE	
418	MDCR_ENTLMT_BUYIN_1_IND		NULL	NULL	NULL	NULL	NULL	NULL	TRUE	
419	MDCR_ENTLMT_BUYIN_10_IND		NULL	NULL	NULL	NULL	NULL	NULL	TRUE	
420	MDCR_ENTLMT_BUYIN_11_IND		NULL	NULL	NULL	NULL	NULL	NULL	TRUE	
421	MDCR_ENTLMT_BUYIN_12_IND		NULL	NULL	NULL	NULL	NULL	NULL	TRUE	
422	MDCR_ENTLMT_BUYIN_2_IND		NULL	NULL	NULL	NULL	NULL	NULL	TRUE	
423	MDCR_ENTLMT_BUYIN_3_IND		NULL	NULL	NULL	NULL	NULL	NULL	TRUE	
424	MDCR_ENTLMT_BUYIN_4_IND		NULL	NULL	NULL	NULL	NULL	NULL	TRUE	
425	MDCR_ENTLMT_BUYIN_5_IND		NULL	NULL	NULL	NULL	NULL	NULL	TRUE	
426	MDCR_ENTLMT_BUYIN_6_IND		NULL	NULL	NULL	NULL	NULL	NULL	TRUE	
427	MDCR_ENTLMT_BUYIN_7_IND		NULL	NULL	NULL	NULL	NULL	NULL	TRUE	
428	MDCR_ENTLMT_BUYIN_8_IND		NULL	NULL	NULL	NULL	NULL	NULL	TRUE	
429	MDCR_ENTLMT_BUYIN_9_IND		NULL	NULL	NULL	NULL	NULL	NULL	TRUE	
430	MDCR_STUS_APR_CD		NULL	NULL	NULL	NULL	NULL	NULL	TRUE	
431	MDCR_STUS_AUG_CD		NULL	NULL	NULL	NULL	NULL	NULL	TRUE	
432	MDCR_STUS_DEC_CD		NULL	NULL	NULL	NULL	NULL	NULL	TRUE	
433	MDCR_STUS_FEB_CD		NULL	NULL	NULL	NULL	NULL	NULL	TRUE	
434	MDCR_STUS_JAN_CD		NULL	NULL	NULL	NULL	NULL	NULL	TRUE	
435	MDCR_STUS_JUL_CD		NULL	NULL	NULL	NULL	NULL	NULL	TRUE	
436	MDCR_STUS_JUN_CD		NULL	NULL	NULL	NULL	NULL	NULL	TRUE	
437	MDCR_STUS_MAR_CD		NULL	NULL	NULL	NULL	NULL	NULL	TRUE	
438	MDCR_STUS_MAY_CD		NULL	NULL	NULL	NULL	NULL	NULL	TRUE	
439	MDCR_STUS_NOV_CD		NULL	NULL	NULL	NULL	NULL	NULL	TRUE	
440	MDCR_STUS_OCT_CD		NULL	NULL	NULL	NULL	NULL	NULL	TRUE	
441	MDCR_STUS_SEPT_CD		NULL	NULL	NULL	NULL	NULL	NULL	TRUE	
442	META_DUAL_ELGBL_STUS_APR_CD		NULL	NULL	NULL	NULL	NULL	NULL	TRUE	
443	META_DUAL_ELGBL_STUS_AUG_CD		NULL	NULL	NULL	NULL	NULL	NULL	TRUE	
444	META_DUAL_ELGBL_STUS_DEC_CD		NULL	NULL	NULL	NULL	NULL	NULL	TRUE	
445	META_DUAL_ELGBL_STUS_FEB_CD		NULL	NULL	NULL	NULL	NULL	NULL	TRUE	
446	META_DUAL_ELGBL_STUS_JAN_CD		NULL	NULL	NULL	NULL	NULL	NULL	TRUE	
447	META_DUAL_ELGBL_STUS_JUL_CD		NULL	NULL	NULL	NULL	NULL	NULL	TRUE	
448	META_DUAL_ELGBL_STUS_JUN_CD		NULL	NULL	NULL	NULL	NULL	NULL	TRUE	
449	META_DUAL_ELGBL_STUS_MAR_CD		NULL	NULL	NULL	NULL	NULL	NULL	TRUE	
450	META_DUAL_ELGBL_STUS_MAY_CD		NULL	NULL	NULL	NULL	NULL	NULL	TRUE	
451	META_DUAL_ELGBL_STUS_NOV_CD		NULL	NULL	NULL	NULL	NULL	NULL	TRUE	
452	META_DUAL_ELGBL_STUS_OCT_CD		NULL	NULL	NULL	NULL	NULL	NULL	TRUE	
453	META_DUAL_ELGBL_STUS_SEPT_CD		NULL	NULL	NULL	NULL	NULL	NULL	TRUE	
454	NCH_ACTV_OR_CVRD_LVL_CARE_THRU	NULL	NULL		NULL	NULL	NULL	NULL	TRUE	
455	NCH_BENE_DSCHRG_DT	NULL	NULL	[encounter_stopTimestamp]	NULL	NULL	NULL	NULL	TRUE	
456	NCH_BENE_MDCR_BNFTS_EXHTD_DT_I	NULL	NULL		NULL	NULL	NULL	NULL	TRUE	
457	NCH_PRMRY_PYR_CD	NULL	NULL	[Blank]	[Blank]	NULL	NULL	NULL	TRUE	
458	NCH_PTNT_STATUS_IND_CD	NULL	NULL		NULL	NULL	NULL	NULL	TRUE	
459	NCH_QLFYD_STAY_FROM_DT	NULL	NULL	NULL	NULL	NULL	NULL	NULL	TRUE	
460	NCH_QLFYD_STAY_THRU_DT	NULL	NULL	NULL	NULL	NULL	NULL	NULL	TRUE	
461	NCH_VRFD_NCVRD_STAY_FROM_DT	NULL	NULL		NULL	NULL	NULL	NULL	TRUE	
462	NCH_VRFD_NCVRD_STAY_THRU_DT	NULL	NULL		NULL	NULL	NULL	NULL	TRUE	
463	NSTD_FRMT_CD	NULL	NULL	NULL	NULL	NULL	[Blank]	NULL	TRUE	
464	OP_PHYSN_NPI	NULL	NULL	[Blank]	[encounter_providerID]	NULL	NULL	NULL	TRUE	
465	OP_PHYSN_UPIN	NULL	NULL	[Blank]	[Blank]	NULL	NULL	NULL	TRUE	
466	ORG_NPI_NUM	NULL	NULL				NULL	NULL	TRUE	
467	OT_PHYSN_NPI	NULL	NULL			NULL	NULL	NULL	TRUE	
468	OT_PHYSN_UPIN	NULL	NULL			NULL	NULL	NULL	TRUE	
469	PD_DT	NULL	NULL	NULL	NULL	NULL		NULL	TRUE	
470	PLAN_CVRG_MO_CNT		NULL	NULL	NULL	NULL	NULL	NULL	TRUE	
471	PRCDR_DT1	NULL	NULL			NULL	NULL	NULL	TRUE	
472	PRCDR_DT10	NULL	NULL			NULL	NULL	NULL	TRUE	
473	PRCDR_DT11	NULL	NULL			NULL	NULL	NULL	TRUE	
474	PRCDR_DT12	NULL	NULL			NULL	NULL	NULL	TRUE	
475	PRCDR_DT13	NULL	NULL			NULL	NULL	NULL	TRUE	
476	PRCDR_DT14	NULL	NULL			NULL	NULL	NULL	TRUE	
477	PRCDR_DT15	NULL	NULL			NULL	NULL	NULL	TRUE	
478	PRCDR_DT16	NULL	NULL			NULL	NULL	NULL	TRUE	
479	PRCDR_DT17	NULL	NULL			NULL	NULL	NULL	TRUE	
480	PRCDR_DT18	NULL	NULL			NULL	NULL	NULL	TRUE	
481	PRCDR_DT19	NULL	NULL			NULL	NULL	NULL	TRUE	
482	PRCDR_DT2	NULL	NULL			NULL	NULL	NULL	TRUE	
483	PRCDR_DT20	NULL	NULL			NULL	NULL	NULL	TRUE	
484	PRCDR_DT21	NULL	NULL			NULL	NULL	NULL	TRUE	
485	PRCDR_DT22	NULL	NULL			NULL	NULL	NULL	TRUE	
486	PRCDR_DT23	NULL	NULL			NULL	NULL	NULL	TRUE	
487	PRCDR_DT24	NULL	NULL			NULL	NULL	NULL	TRUE	
488	PRCDR_DT25	NULL	NULL			NULL	NULL	NULL	TRUE	
489	PRCDR_DT3	NULL	NULL			NULL	NULL	NULL	TRUE	
490	PRCDR_DT4	NULL	NULL			NULL	NULL	NULL	TRUE	
491	PRCDR_DT5	NULL	NULL			NULL	NULL	NULL	TRUE	
492	PRCDR_DT6	NULL	NULL			NULL	NULL	NULL	TRUE	
493	PRCDR_DT7	NULL	NULL			NULL	NULL	NULL	TRUE	
494	PRCDR_DT8	NULL	NULL			NULL	NULL	NULL	TRUE	
495	PRCDR_DT9	NULL	NULL			NULL	NULL	NULL	TRUE	
496	PRCNG_EXCPTN_CD	NULL	NULL	NULL	NULL	NULL		NULL	TRUE	
497	PRF_PHYSN_NPI	NULL	NULL	NULL	NULL		NULL	NULL	TRUE	
498	PRF_PHYSN_UPIN	NULL	NULL	NULL	NULL		NULL	NULL	TRUE	
499	PRNCPAL_DGNS_CD	NULL	NULL	Coded	(Use inpatient logic)		NULL		TRUE	
500	PRNCPAL_DGNS_VRSN_CD	NULL	NULL	0	0		NULL		TRUE	
501	PRTCPTNG_IND_CD	NULL	NULL	NULL	NULL		NULL		TRUE	
502	PRVDR_NPI	NULL	NULL	NULL	NULL	NULL	NULL		TRUE	
503	PRVDR_SPCLTY	NULL	NULL	NULL	NULL		NULL		TRUE	
504	PRVDR_ZIP	NULL	NULL	NULL	NULL		NULL	NULL	TRUE	
505	PTC_CNTRCT_APR_ID		NULL	NULL	NULL	NULL	NULL	NULL	TRUE	
506	PTC_CNTRCT_AUG_ID		NULL	NULL	NULL	NULL	NULL	NULL	TRUE	
507	PTC_CNTRCT_DEC_ID		NULL	NULL	NULL	NULL	NULL	NULL	TRUE	
508	PTC_CNTRCT_FEB_ID		NULL	NULL	NULL	NULL	NULL	NULL	TRUE	
509	PTC_CNTRCT_JAN_ID		NULL	NULL	NULL	NULL	NULL	NULL	TRUE	
510	PTC_CNTRCT_JUL_ID		NULL	NULL	NULL	NULL	NULL	NULL	TRUE	
511	PTC_CNTRCT_JUN_ID		NULL	NULL	NULL	NULL	NULL	NULL	TRUE	
512	PTC_CNTRCT_MAR_ID		NULL	NULL	NULL	NULL	NULL	NULL	TRUE	
513	PTC_CNTRCT_MAY_ID		NULL	NULL	NULL	NULL	NULL	NULL	TRUE	
514	PTC_CNTRCT_NOV_ID		NULL	NULL	NULL	NULL	NULL	NULL	TRUE	
515	PTC_CNTRCT_OCT_ID		NULL	NULL	NULL	NULL	NULL	NULL	TRUE	
516	PTC_CNTRCT_SEPT_ID		NULL	NULL	NULL	NULL	NULL	NULL	TRUE	
517	PTC_PBP_APR_ID		NULL	NULL	NULL	NULL	NULL	NULL	TRUE	
518	PTC_PBP_AUG_ID		NULL	NULL	NULL	NULL	NULL	NULL	TRUE	
519	PTC_PBP_DEC_ID		NULL	NULL	NULL	NULL	NULL	NULL	TRUE	
520	PTC_PBP_FEB_ID		NULL	NULL	NULL	NULL	NULL	NULL	TRUE	
521	PTC_PBP_JAN_ID		NULL	NULL	NULL	NULL	NULL	NULL	TRUE	
522	PTC_PBP_JUL_ID		NULL	NULL	NULL	NULL	NULL	NULL	TRUE	
523	PTC_PBP_JUN_ID		NULL	NULL	NULL	NULL	NULL	NULL	TRUE	
524	PTC_PBP_MAR_ID		NULL	NULL	NULL	NULL	NULL	NULL	TRUE	
525	PTC_PBP_MAY_ID		NULL	NULL	NULL	NULL	NULL	NULL	TRUE	
526	PTC_PBP_NOV_ID		NULL	NULL	NULL	NULL	NULL	NULL	TRUE	
527	PTC_PBP_OCT_ID		NULL	NULL	NULL	NULL	NULL	NULL	TRUE	
528	PTC_PBP_SEPT_ID		NULL	NULL	NULL	NULL	NULL	NULL	TRUE	
529	PTC_PLAN_TYPE_APR_CD		NULL	NULL	NULL	NULL	NULL	NULL	TRUE	
530	PTC_PLAN_TYPE_AUG_CD		NULL	NULL	NULL	NULL	NULL	NULL	TRUE	
531	PTC_PLAN_TYPE_DEC_CD		NULL	NULL	NULL	NULL	NULL	NULL	TRUE	
532	PTC_PLAN_TYPE_FEB_CD		NULL	NULL	NULL	NULL	NULL	NULL	TRUE	
533	PTC_PLAN_TYPE_JAN_CD		NULL	NULL	NULL	NULL	NULL	NULL	TRUE	
534	PTC_PLAN_TYPE_JUL_CD		NULL	NULL	NULL	NULL	NULL	NULL	TRUE	
535	PTC_PLAN_TYPE_JUN_CD		NULL	NULL	NULL	NULL	NULL	NULL	TRUE	
536	PTC_PLAN_TYPE_MAR_CD		NULL	NULL	NULL	NULL	NULL	NULL	TRUE	
537	PTC_PLAN_TYPE_MAY_CD		NULL	NULL	NULL	NULL	NULL	NULL	TRUE	
538	PTC_PLAN_TYPE_NOV_CD		NULL	NULL	NULL	NULL	NULL	NULL	TRUE	
539	PTC_PLAN_TYPE_OCT_CD		NULL	NULL	NULL	NULL	NULL	NULL	TRUE	
540	PTC_PLAN_TYPE_SEPT_CD		NULL	NULL	NULL	NULL	NULL	NULL	TRUE	
541	PTD_CNTRCT_APR_ID		NULL	NULL	NULL	NULL	NULL	NULL	TRUE	
542	PTD_CNTRCT_AUG_ID		NULL	NULL	NULL	NULL	NULL	NULL	TRUE	
543	PTD_CNTRCT_DEC_ID		NULL	NULL	NULL	NULL	NULL	NULL	TRUE	
544	PTD_CNTRCT_FEB_ID		NULL	NULL	NULL	NULL	NULL	NULL	TRUE	
545	PTD_CNTRCT_JAN_ID		NULL	NULL	NULL	NULL	NULL	NULL	TRUE	
546	PTD_CNTRCT_JUL_ID		NULL	NULL	NULL	NULL	NULL	NULL	TRUE	
547	PTD_CNTRCT_JUN_ID		NULL	NULL	NULL	NULL	NULL	NULL	TRUE	
548	PTD_CNTRCT_MAR_ID		NULL	NULL	NULL	NULL	NULL	NULL	TRUE	
549	PTD_CNTRCT_MAY_ID		NULL	NULL	NULL	NULL	NULL	NULL	TRUE	
550	PTD_CNTRCT_NOV_ID		NULL	NULL	NULL	NULL	NULL	NULL	TRUE	
551	PTD_CNTRCT_OCT_ID		NULL	NULL	NULL	NULL	NULL	NULL	TRUE	
552	PTD_CNTRCT_SEPT_ID		NULL	NULL	NULL	NULL	NULL	NULL	TRUE	
553	PTD_PBP_APR_ID		NULL	NULL	NULL	NULL	NULL	NULL	TRUE	
554	PTD_PBP_AUG_ID		NULL	NULL	NULL	NULL	NULL	NULL	TRUE	
555	PTD_PBP_DEC_ID		NULL	NULL	NULL	NULL	NULL	NULL	TRUE	
556	PTD_PBP_FEB_ID		NULL	NULL	NULL	NULL	NULL	NULL	TRUE	
557	PTD_PBP_JAN_ID		NULL	NULL	NULL	NULL	NULL	NULL	TRUE	
558	PTD_PBP_JUL_ID		NULL	NULL	NULL	NULL	NULL	NULL	TRUE	
559	PTD_PBP_JUN_ID		NULL	NULL	NULL	NULL	NULL	NULL	TRUE	
560	PTD_PBP_MAR_ID		NULL	NULL	NULL	NULL	NULL	NULL	TRUE	
561	PTD_PBP_MAY_ID		NULL	NULL	NULL	NULL	NULL	NULL	TRUE	
562	PTD_PBP_NOV_ID		NULL	NULL	NULL	NULL	NULL	NULL	TRUE	
563	PTD_PBP_OCT_ID		NULL	NULL	NULL	NULL	NULL	NULL	TRUE	
564	PTD_PBP_SEPT_ID		NULL	NULL	NULL	NULL	NULL	NULL	TRUE	
565	PTD_SGMT_APR_ID		NULL	NULL	NULL	NULL	NULL	NULL	TRUE	
566	PTD_SGMT_AUG_ID		NULL	NULL	NULL	NULL	NULL	NULL	TRUE	
567	PTD_SGMT_DEC_ID		NULL	NULL	NULL	NULL	NULL	NULL	TRUE	
568	PTD_SGMT_FEB_ID		NULL	NULL	NULL	NULL	NULL	NULL	TRUE	
569	PTD_SGMT_JAN_ID		NULL	NULL	NULL	NULL	NULL	NULL	TRUE	
570	PTD_SGMT_JUL_ID		NULL	NULL	NULL	NULL	NULL	NULL	TRUE	
571	PTD_SGMT_JUN_ID		NULL	NULL	NULL	NULL	NULL	NULL	TRUE	
572	PTD_SGMT_MAR_ID		NULL	NULL	NULL	NULL	NULL	NULL	TRUE	
573	PTD_SGMT_MAY_ID		NULL	NULL	NULL	NULL	NULL	NULL	TRUE	
574	PTD_SGMT_NOV_ID		NULL	NULL	NULL	NULL	NULL	NULL	TRUE	
575	PTD_SGMT_OCT_ID		NULL	NULL	NULL	NULL	NULL	NULL	TRUE	
576	PTD_SGMT_SEPT_ID		NULL	NULL	NULL	NULL	NULL	NULL	TRUE	
577	RDS_APR_IND		NULL	NULL	NULL	NULL	NULL	NULL	TRUE	
578	RDS_AUG_IND		NULL	NULL	NULL	NULL	NULL	NULL	TRUE	
579	RDS_DEC_IND		NULL	NULL	NULL	NULL	NULL	NULL	TRUE	
580	RDS_FEB_IND		NULL	NULL	NULL	NULL	NULL	NULL	TRUE	
581	RDS_JAN_IND		NULL	NULL	NULL	NULL	NULL	NULL	TRUE	
582	RDS_JUL_IND		NULL	NULL	NULL	NULL	NULL	NULL	TRUE	
583	RDS_JUN_IND		NULL	NULL	NULL	NULL	NULL	NULL	TRUE	
584	RDS_MAR_IND		NULL	NULL	NULL	NULL	NULL	NULL	TRUE	
585	RDS_MAY_IND		NULL	NULL	NULL	NULL	NULL	NULL	TRUE	
586	RDS_MO_CNT		NULL	NULL	NULL	NULL	NULL	NULL	TRUE	
587	RDS_NOV_IND		NULL	NULL	NULL	NULL	NULL	NULL	TRUE	
588	RDS_OCT_IND		NULL	NULL	NULL	NULL	NULL	NULL	TRUE	
589	RDS_SEPT_IND		NULL	NULL	NULL	NULL	NULL	NULL	TRUE	
590	REV_CNTR_1ST_ANSI_CD	NULL	NULL	NULL		NULL	NULL	NULL	TRUE	
591	REV_CNTR_2ND_ANSI_CD	NULL	NULL	NULL		NULL	NULL	NULL	TRUE	
592	REV_CNTR_3RD_ANSI_CD	NULL	NULL	NULL		NULL	NULL	NULL	TRUE	
593	REV_CNTR_4TH_ANSI_CD	NULL	NULL	NULL		NULL	NULL	NULL	TRUE	
594	REV_CNTR_APC_HIPPS_CD	NULL	NULL	NULL		NULL	NULL	NULL	TRUE	
595	REV_CNTR_DDCTBL_COINSRNC_CD	NULL	NULL		NULL	NULL	NULL	NULL	TRUE	
596	REV_CNTR_DSCNT_IND_CD	NULL	NULL	NULL		NULL	NULL	NULL	TRUE	
597	REV_CNTR_DT	NULL	NULL	NULL		NULL	NULL	NULL	TRUE	
598	REV_CNTR_IDE_NDC_UPC_NUM	NULL	NULL	NULL		NULL	NULL	NULL	TRUE	
599	REV_CNTR_NDC_QTY_QLFR_CD	NULL	NULL			NULL	NULL	NULL	TRUE	
600	REV_CNTR_OTAF_PMT_CD	NULL	NULL	NULL		NULL	NULL	NULL	TRUE	
601	REV_CNTR_PACKG_IND_CD	NULL	NULL	NULL		NULL	NULL	NULL	TRUE	
602	REV_CNTR_PMT_MTHD_IND_CD	NULL	NULL	NULL		NULL	NULL	NULL	TRUE	
603	REV_CNTR_STUS_IND_CD	NULL	NULL	NULL		NULL	NULL	NULL	TRUE	
604	RFR_PHYSN_NPI	NULL	NULL	NULL	NULL		NULL		TRUE	
605	RFR_PHYSN_UPIN	NULL	NULL	NULL	NULL		NULL		TRUE	
606	RFRNC_YR		NULL	NULL	NULL	NULL	NULL	NULL	TRUE	
607	RNDRNG_PHYSN_NPI	NULL	NULL			NULL	NULL	NULL	TRUE	
608	RNDRNG_PHYSN_UPIN	NULL	NULL			NULL	NULL	NULL	TRUE	
609	RSN_VISIT_CD1	NULL	NULL	NULL		NULL	NULL	NULL	TRUE	
610	RSN_VISIT_CD2	NULL	NULL	NULL		NULL	NULL	NULL	TRUE	
611	RSN_VISIT_CD3	NULL	NULL	NULL		NULL	NULL	NULL	TRUE	
612	RSN_VISIT_VRSN_CD1	NULL	NULL	NULL		NULL	NULL	NULL	TRUE	
613	RSN_VISIT_VRSN_CD2	NULL	NULL	NULL		NULL	NULL	NULL	TRUE	
614	RSN_VISIT_VRSN_CD3	NULL	NULL	NULL		NULL	NULL	NULL	TRUE	
615	RTI_RACE_CD		NULL	NULL	NULL	NULL	NULL	NULL	TRUE	
616	RX_ORGN_CD	NULL	NULL	NULL	NULL	NULL	"0,3,4"	NULL	TRUE	
617	SAMPLE_GROUP		NULL	NULL	NULL	NULL	NULL	NULL	TRUE	
618	SUBMSN_CLR_CD	NULL	NULL	NULL	NULL	NULL		NULL	TRUE	
619	UPDT_TS	NULL	NULL	NULL	NULL	NULL	NULL	NULL	TRUE	
620	UPDT_USER_ID	NULL	NULL	NULL	NULL	NULL	NULL	NULL	TRUE	
621	V_DOD_SW		NULL	NULL	NULL	NULL	NULL	NULL	TRUE	