Line	Field	BENEFICIARY	BENEFICIARY_HISTORY	INPATIENT	OUTPATIENT	CARRIER	PDE	DME	HHA	HOSPICE	SNF	Optional	Comment
0	ADJSTMT_DLTN_CD	N/A	N/A	N/A	N/A	N/A	[Blank]	N/A	N/A	N/A	N/A	TRUE	
1	ADMTG_DGNS_CD	N/A	N/A	Coded	N/A	N/A	N/A	N/A	N/A	N/A	Coded	TRUE	
2	ADMTG_DGNS_VRSN_CD	N/A	N/A	0	N/A	N/A	N/A	N/A	N/A	N/A	0	TRUE	
3	AGE	Coded	N/A	N/A	N/A	N/A	N/A	N/A	N/A	N/A	N/A	TRUE	
4	AT_PHYSN_NPI	N/A	N/A	Coded	Coded	N/A	N/A	N/A	Coded	Coded	Coded	TRUE	
5	AT_PHYSN_UPIN	N/A	N/A	[Blank]	[Blank]	N/A	N/A	N/A	[Blank]	[Blank]	[Blank]	TRUE	
6	A_MO_CNT	Coded	N/A	N/A	N/A	N/A	N/A	N/A	N/A	N/A	N/A	TRUE	
7	BENE_BIRTH_DT	Coded	Coded	N/A	N/A	N/A	N/A	N/A	N/A	N/A	N/A	FALSE	
8	BENE_CLM_ACNT_NUM	N/A	N/A	N/A	N/A	N/A	N/A	N/A	N/A	N/A	N/A	TRUE	
9	BENE_COUNTY_CD	Coded	Coded	N/A	N/A	N/A	N/A	N/A	N/A	N/A	N/A	TRUE/FALSE	
10	BENE_CRNT_HIC_NUM	Coded	Coded	N/A	N/A	N/A	N/A	N/A	N/A	N/A	N/A	FALSE	
11	BENE_CRNT_REC_IND_ID	N/A	N/A	N/A	N/A	N/A	N/A	N/A	N/A	N/A	N/A	TRUE	
12	BENE_ENTLMT_RSN_CURR			N/A	N/A	N/A	N/A	N/A	N/A	N/A	N/A	TRUE	
13	BENE_ENTLMT_RSN_ORIG			N/A	N/A	N/A	N/A	N/A	N/A	N/A	N/A	TRUE	
14	BENE_ESRD_IND			N/A	N/A	N/A	N/A	N/A	N/A	N/A	N/A	TRUE	
15	BENE_GVN_NAME	Coded	Coded	N/A	N/A	N/A	N/A	N/A	N/A	N/A	N/A	TRUE/FALSE	
16	BENE_HOSPC_PRD_CNT	N/A	N/A	N/A	N/A	N/A	N/A	N/A	N/A		N/A	TRUE	
17	BENE_ID	Coded	Coded	Coded	Coded	Coded	Coded	Coded	Coded	Coded	Coded	TRUE/FALSE	
18	BENE_IDENT_CD	N/A	N/A	N/A	N/A	N/A	N/A	N/A	N/A	N/A	N/A	TRUE	
19	BENE_LRD_USED_CNT	N/A	N/A	0	N/A	N/A	N/A	N/A	N/A	N/A	N/A	TRUE	
20	BENE_MBI_ID	N/A	N/A	N/A	N/A	N/A	N/A	N/A	N/A	N/A	N/A	FALSE	
21	BENE_MDCR_STATUS_CD	"10,10,11,20,20,21"	"10,10,11,20,20,21"	N/A	N/A	N/A	N/A	N/A	N/A	N/A	N/A	TRUE	
22	BENE_MDL_NAME			N/A	N/A	N/A	N/A	N/A	N/A	N/A	N/A	TRUE	
23	BENE_PTA_TRMNTN_CD	Coded	Coded	N/A	N/A	N/A	N/A	N/A	N/A	N/A	N/A	TRUE	
24	BENE_PTB_TRMNTN_CD	Coded	Coded	N/A	N/A	N/A	N/A	N/A	N/A	N/A	N/A	TRUE	
25	BENE_RACE_CD	Coded	Coded	N/A	N/A	N/A	N/A	N/A	N/A	N/A	N/A	TRUE	
26	BENE_SEX_IDENT_CD	"1,2"	"1,2"	N/A	N/A	N/A	N/A	N/A	N/A	N/A	N/A	FALSE	
27	BENE_SRNM_NAME	Coded	Coded	N/A	N/A	N/A	N/A	N/A	N/A	N/A	N/A	TRUE/FALSE	
28	BENE_TOT_COINSRNC_DAYS_CNT	N/A	N/A	0	N/A	N/A	N/A	N/A	N/A	N/A	Coded	FALSE	
29	BENE_ZIP_CD	Coded	Coded	N/A	N/A	N/A	N/A	N/A	N/A	N/A	N/A	TRUE/FALSE	
30	BETOS_CD	N/A	N/A	N/A	(need to code: complex mapping)	N/A	N/A	(complex mapping)	N/A	N/A	N/A	TRUE	
31	BRND_GNRC_CD	N/A	N/A	N/A	N/A	N/A	"B,G (B = brand, G = generic)"	N/A	N/A	N/A	N/A	TRUE	
32	BUYIN_MO_CNT	Coded	N/A	N/A	N/A	N/A	N/A	N/A	N/A	N/A	N/A	TRUE	
33	B_MO_CNT	Coded	N/A	N/A	N/A	N/A	N/A	N/A	N/A	N/A	N/A	TRUE	
34	CARR_CLM_CASH_DDCTBL_APLD_AMT	N/A	N/A	N/A	N/A	(Sum of LINE_BENE_PTB_DDCTBL_AMT)	N/A	(Sum of LINE_BENE_PTB_DDCTBL_AMT)	N/A	N/A	N/A	FALSE	
35	CARR_CLM_ENTRY_CD	N/A	N/A	N/A	N/A	1	N/A	1	N/A	N/A	N/A	FALSE	
36	CARR_CLM_HCPCS_YR_CD	N/A	N/A	N/A	N/A	1 (2021)	N/A	1 (1 = 2021)	N/A	N/A	N/A	TRUE	
37	CARR_CLM_PMT_DNL_CD	N/A	N/A	N/A	N/A	1 (1=paid to physician)	N/A	1 (1=paid to physician)	N/A	N/A	N/A	FALSE	
38	CARR_CLM_PRMRY_PYR_PD_AMT	N/A	N/A	N/A	N/A	Coded	N/A	(Sum of LINE_PRVDR_PMT_AMT)	N/A	N/A	N/A	FALSE	
39	CARR_CLM_PRVDR_ASGNMT_IND_SW	N/A	N/A	N/A	N/A	A (assigned)	N/A	A (assigned)	N/A	N/A	N/A	TRUE/FALSE	
40	CARR_CLM_RFRNG_PIN_NUM	N/A	N/A	N/A	N/A	Coded	N/A	N/A	N/A	N/A	N/A	FALSE	
41	CARR_LINE_ANSTHSA_UNIT_CNT	N/A	N/A	N/A	N/A	"0,0,0,0,1"	N/A	N/A	N/A	N/A	N/A	FALSE	
42	CARR_LINE_CLIA_LAB_NUM	N/A	N/A	N/A	N/A		N/A	N/A	N/A	N/A	N/A	TRUE	
43	CARR_LINE_MTUS_CD	N/A	N/A	N/A	N/A	(mapped from line items)	N/A	N/A	N/A	N/A	N/A	TRUE	
44	CARR_LINE_MTUS_CNT	N/A	N/A	N/A	N/A	Coded	N/A	N/A	N/A	N/A	N/A	FALSE	
45	CARR_LINE_PRCNG_LCLTY_CD	N/A	N/A	N/A	N/A	Coded	N/A	N/A	N/A	N/A	N/A	FALSE	
46	CARR_LINE_PRVDR_TYPE_CD	N/A	N/A	N/A	N/A	0	N/A	N/A	N/A	N/A	N/A	FALSE	
47	CARR_LINE_RDCD_PMT_PHYS_ASTN_C	N/A	N/A	N/A	N/A	0	N/A	N/A	N/A	N/A	N/A	FALSE	
48	CARR_LINE_RX_NUM	N/A	N/A	N/A	N/A		N/A	N/A	N/A	N/A	N/A	TRUE	
49	CARR_NUM	N/A	N/A	N/A	N/A	Coded	N/A	Coded	N/A	N/A	N/A	FALSE	
50	CARR_PRFRNG_PIN_NUM	N/A	N/A	N/A	N/A	Coded	N/A	N/A	N/A	N/A	N/A	FALSE	
51	CLAIM_QUERY_CODE	N/A	N/A	"3 (1=Interim, 3=Final, 5=Debit)"	"3 (1=Interim, 3=Final, 5=Debit)"	N/A	N/A	N/A	N/A	N/A	"3 (1=Interim, 3=Final, 5=Debit)"	FALSE	
52	CLM_ADMSN_DT	N/A	N/A	Coded	N/A	N/A	N/A	N/A	Coded	N/A	Coded	TRUE	
53	CLM_CLNCL_TRIL_NUM	N/A	N/A	N/A	N/A		N/A		N/A	N/A	N/A	TRUE	SKIP
54	CLM_DISP_CD	N/A	N/A	N/A	N/A	1	N/A	1	N/A	N/A	N/A	FALSE	
55	CLM_DRG_CD	N/A	N/A	Coded	N/A	N/A	N/A	N/A	N/A	N/A	Coded	TRUE	
56	CLM_DRG_OUTLIER_STAY_CD	N/A	N/A	0	N/A	N/A	N/A	N/A	N/A	N/A	N/A	FALSE	
57	CLM_E_POA_IND_SW1	N/A	N/A		N/A	N/A	N/A	N/A	N/A	N/A	N/A	TRUE	
58	CLM_E_POA_IND_SW10	N/A	N/A		N/A	N/A	N/A	N/A	N/A	N/A	N/A	TRUE	
59	CLM_E_POA_IND_SW11	N/A	N/A		N/A	N/A	N/A	N/A	N/A	N/A	N/A	TRUE	
60	CLM_E_POA_IND_SW12	N/A	N/A		N/A	N/A	N/A	N/A	N/A	N/A	N/A	TRUE	
61	CLM_E_POA_IND_SW2	N/A	N/A		N/A	N/A	N/A	N/A	N/A	N/A	N/A	TRUE	
62	CLM_E_POA_IND_SW3	N/A	N/A		N/A	N/A	N/A	N/A	N/A	N/A	N/A	TRUE	
63	CLM_E_POA_IND_SW4	N/A	N/A		N/A	N/A	N/A	N/A	N/A	N/A	N/A	TRUE	
64	CLM_E_POA_IND_SW5	N/A	N/A		N/A	N/A	N/A	N/A	N/A	N/A	N/A	TRUE	
65	CLM_E_POA_IND_SW6	N/A	N/A		N/A	N/A	N/A	N/A	N/A	N/A	N/A	TRUE	
66	CLM_E_POA_IND_SW7	N/A	N/A		N/A	N/A	N/A	N/A	N/A	N/A	N/A	TRUE	
67	CLM_E_POA_IND_SW8	N/A	N/A		N/A	N/A	N/A	N/A	N/A	N/A	N/A	TRUE	
68	CLM_E_POA_IND_SW9	N/A	N/A		N/A	N/A	N/A	N/A	N/A	N/A	N/A	TRUE	
69	CLM_FAC_TYPE_CD	N/A	N/A	"1 (1=Hospital, 2=SNF, 7=Dialysis)"	"1 (1=Hospital, 2=SNF, 7=Dialysis)"	N/A	N/A	N/A	3 (3=HHA)	8 (8=Hospice)	2 (2=SNF)	FALSE	
70	CLM_FREQ_CD	N/A	N/A	"1 (1=Admit-Discharge, 9=Final)"	"1 (1=Admit-Discharge, 9=Final)"	N/A	N/A	N/A	"1,9 (1=Admit-Dischage, 9=Final)"	"1,9 (1=Admit-Dischage, 9=Final)"	"1,9 (1=Admit-Discharge, 9=Final)"	FALSE	
71	CLM_FROM_DT	N/A	N/A	Coded	Coded	Coded	N/A	Coded	Coded	Coded	Coded	FALSE	
72	CLM_GRP_ID	N/A	N/A	Coded	Coded	Coded	Coded	Coded	Coded	Coded	Coded	FALSE	
73	CLM_HHA_LUPA_IND_CD	N/A	N/A	N/A	N/A	N/A	N/A	N/A		N/A	N/A	TRUE	
74	CLM_HHA_RFRL_CD	N/A	N/A	N/A	N/A	N/A	N/A	N/A		N/A	N/A	TRUE	
75	CLM_HHA_TOT_VISIT_CNT	N/A	N/A	N/A	N/A	N/A	N/A	N/A	Coded	N/A	N/A	FALSE	
76	CLM_HOSPC_START_DT_ID	N/A	N/A	N/A	N/A	N/A	N/A	N/A	N/A		N/A	TRUE	
77	CLM_ID	N/A	N/A	Coded	Coded	Coded	N/A	Coded	Coded	Coded	Coded	FALSE	
78	CLM_IP_ADMSN_TYPE_CD	N/A	N/A	"1,2,3"	N/A	N/A	N/A	N/A	N/A	N/A	Coded	FALSE	
79	CLM_LINE_NUM	N/A	N/A	Coded	Coded	N/A	N/A	N/A	Coded	Coded	Coded	FALSE	
80	CLM_MCO_PD_SW	N/A	N/A	0 (0 = No managed care organization (MCO) payment)	0 (0 = No managed care organization (MCO) payment)	N/A	N/A	N/A	N/A	N/A	0 (0 = No managed care organization (MCO) payment)	TRUE	
81	CLM_MDCR_NON_PMT_RSN_CD	N/A	N/A	[Blank]	[Blank]	N/A	N/A	N/A	[Blank]	[Blank]	[Blank]	TRUE	
82	CLM_NON_UTLZTN_DAYS_CNT	N/A	N/A	0	N/A	N/A	N/A	N/A	N/A	N/A	0	FALSE	
83	CLM_OP_BENE_PMT_AMT	N/A	N/A	N/A	0	N/A	N/A	N/A	N/A	N/A	N/A	FALSE	
84	CLM_OP_PRVDR_PMT_AMT	N/A	N/A	N/A	Coded	N/A	N/A	N/A	N/A	N/A	N/A	FALSE	
85	CLM_PASS_THRU_PER_DIEM_AMT	N/A	N/A	10 (fixed $ amount?)	N/A	N/A	N/A	N/A	N/A	N/A	N/A	FALSE	
86	CLM_PMT_AMT	N/A	N/A	Coded	Coded	Coded	N/A	(Mapped from SNOMED)	Coded	Coded	Coded	FALSE	
87	CLM_POA_IND_SW1	N/A	N/A	Coded	N/A	N/A	N/A	N/A	N/A	N/A	N/A	TRUE	
88	CLM_POA_IND_SW10	N/A	N/A	Coded	N/A	N/A	N/A	N/A	N/A	N/A	N/A	TRUE	
89	CLM_POA_IND_SW11	N/A	N/A	Coded	N/A	N/A	N/A	N/A	N/A	N/A	N/A	TRUE	
90	CLM_POA_IND_SW12	N/A	N/A	Coded	N/A	N/A	N/A	N/A	N/A	N/A	N/A	TRUE	
91	CLM_POA_IND_SW13	N/A	N/A	Coded	N/A	N/A	N/A	N/A	N/A	N/A	N/A	TRUE	
92	CLM_POA_IND_SW14	N/A	N/A	Coded	N/A	N/A	N/A	N/A	N/A	N/A	N/A	TRUE	
93	CLM_POA_IND_SW15	N/A	N/A	Coded	N/A	N/A	N/A	N/A	N/A	N/A	N/A	TRUE	
94	CLM_POA_IND_SW16	N/A	N/A	Coded	N/A	N/A	N/A	N/A	N/A	N/A	N/A	TRUE	
95	CLM_POA_IND_SW17	N/A	N/A	Coded	N/A	N/A	N/A	N/A	N/A	N/A	N/A	TRUE	
96	CLM_POA_IND_SW18	N/A	N/A	Coded	N/A	N/A	N/A	N/A	N/A	N/A	N/A	TRUE	
97	CLM_POA_IND_SW19	N/A	N/A	Coded	N/A	N/A	N/A	N/A	N/A	N/A	N/A	TRUE	
98	CLM_POA_IND_SW2	N/A	N/A	Coded	N/A	N/A	N/A	N/A	N/A	N/A	N/A	TRUE	
99	CLM_POA_IND_SW20	N/A	N/A	Coded	N/A	N/A	N/A	N/A	N/A	N/A	N/A	TRUE	
100	CLM_POA_IND_SW21	N/A	N/A	Coded	N/A	N/A	N/A	N/A	N/A	N/A	N/A	TRUE	
101	CLM_POA_IND_SW22	N/A	N/A	Coded	N/A	N/A	N/A	N/A	N/A	N/A	N/A	TRUE	
102	CLM_POA_IND_SW23	N/A	N/A	Coded	N/A	N/A	N/A	N/A	N/A	N/A	N/A	TRUE	
103	CLM_POA_IND_SW24	N/A	N/A	Coded	N/A	N/A	N/A	N/A	N/A	N/A	N/A	TRUE	
104	CLM_POA_IND_SW25	N/A	N/A	Coded	N/A	N/A	N/A	N/A	N/A	N/A	N/A	TRUE	
105	CLM_POA_IND_SW3	N/A	N/A	Coded	N/A	N/A	N/A	N/A	N/A	N/A	N/A	TRUE	
106	CLM_POA_IND_SW4	N/A	N/A	Coded	N/A	N/A	N/A	N/A	N/A	N/A	N/A	TRUE	
107	CLM_POA_IND_SW5	N/A	N/A	Coded	N/A	N/A	N/A	N/A	N/A	N/A	N/A	TRUE	
108	CLM_POA_IND_SW6	N/A	N/A	Coded	N/A	N/A	N/A	N/A	N/A	N/A	N/A	TRUE	
109	CLM_POA_IND_SW7	N/A	N/A	Coded	N/A	N/A	N/A	N/A	N/A	N/A	N/A	TRUE	
110	CLM_POA_IND_SW8	N/A	N/A	Coded	N/A	N/A	N/A	N/A	N/A	N/A	N/A	TRUE	
111	CLM_POA_IND_SW9	N/A	N/A	Coded	N/A	N/A	N/A	N/A	N/A	N/A	N/A	TRUE	
112	CLM_PPS_CPTL_DRG_WT_NUM	N/A	N/A	0	N/A	N/A	N/A	N/A	N/A	N/A	N/A	TRUE	
113	CLM_PPS_CPTL_DSPRPRTNT_SHR_AMT	N/A	N/A	0	N/A	N/A	N/A	N/A	N/A	N/A	0	TRUE	
114	CLM_PPS_CPTL_EXCPTN_AMT	N/A	N/A	0	N/A	N/A	N/A	N/A	N/A	N/A	0	TRUE	
115	CLM_PPS_CPTL_FSP_AMT	N/A	N/A	0	N/A	N/A	N/A	N/A	N/A	N/A	0	TRUE	
116	CLM_PPS_CPTL_IME_AMT	N/A	N/A	0	N/A	N/A	N/A	N/A	N/A	N/A	0	TRUE	
117	CLM_PPS_CPTL_OUTLIER_AMT	N/A	N/A	0	N/A	N/A	N/A	N/A	N/A	N/A	0	TRUE	
118	CLM_PPS_IND_CD	N/A	N/A	[Blank]	N/A	N/A	N/A	N/A	[Blank]	N/A	[Blank]	TRUE/FALSE	
119	CLM_PPS_OLD_CPTL_HLD_HRMLS_AMT	N/A	N/A	0	N/A	N/A	N/A	N/A	N/A	N/A	0	TRUE	
120	CLM_SRC_IP_ADMSN_CD	N/A	N/A	"1,2,4,5"	N/A	N/A	N/A	N/A	N/A	N/A	"1,2,4"	TRUE	
121	CLM_SRVC_CLSFCTN_TYPE_CD	N/A	N/A	1 (depends on value of CLM_FAC_TYPE_CD)	3 (depends on value of CLM_FAC_TYPE_CD)	N/A	N/A	N/A	3 (depends on value of CLM_FAC_TYPE_CD)	1 (depends on value of CLM_FAC_TYPE_CD)	1 (depends on value of CLM_FAC_TYPE_CD)	FALSE	
122	CLM_THRU_DT	N/A	N/A	Coded	Coded	Coded	N/A	Coded	Coded	Coded	Coded	FALSE	
123	CLM_TOT_CHRG_AMT	N/A	N/A	Coded	Coded	N/A	N/A	N/A	Coded	Coded	Coded	FALSE	
124	CLM_TOT_PPS_CPTL_AMT	N/A	N/A	0	N/A	N/A	N/A	N/A	N/A	N/A	N/A	TRUE	
125	CLM_UTLZTN_DAY_CNT	N/A	N/A	Coded	N/A	N/A	N/A	N/A	N/A	Coded	Coded	FALSE	
126	CMPND_CD	N/A	N/A	N/A	N/A	N/A	0 (TODO: map from Rxnorm)	N/A	N/A	N/A	N/A	FALSE	
127	COVSTART		N/A	N/A	N/A	N/A	N/A	N/A	N/A	N/A	N/A	TRUE	Typically birthdate when patient turns 65
128	CREAT_TS	N/A	N/A	N/A	N/A	N/A	N/A	N/A	N/A	N/A	N/A	TRUE	
129	CREAT_USER_ID	N/A	N/A	N/A	N/A	N/A	N/A	N/A	N/A	N/A	N/A	TRUE	
130	CRNT_BIC	"A,A,D,D,TA"	N/A	N/A	N/A	N/A	N/A	N/A	N/A	N/A	N/A	TRUE	
131	CST_SHR_GRP_APR_CD	"01,02,03,04,05,06,07,08,09,10,13"	N/A	N/A	N/A	N/A	N/A	N/A	N/A	N/A	N/A	TRUE	Could make copayment match these designations
132	CST_SHR_GRP_AUG_CD	"01,02,03,04,05,06,07,08,09,10,14"	N/A	N/A	N/A	N/A	N/A	N/A	N/A	N/A	N/A	TRUE	Could make copayment match these designations
133	CST_SHR_GRP_DEC_CD	"01,02,03,04,05,06,07,08,09,10,15"	N/A	N/A	N/A	N/A	N/A	N/A	N/A	N/A	N/A	TRUE	Could make copayment match these designations
134	CST_SHR_GRP_FEB_CD	"01,02,03,04,05,06,07,08,09,10,16"	N/A	N/A	N/A	N/A	N/A	N/A	N/A	N/A	N/A	TRUE	Could make copayment match these designations
135	CST_SHR_GRP_JAN_CD	"01,02,03,04,05,06,07,08,09,10,17"	N/A	N/A	N/A	N/A	N/A	N/A	N/A	N/A	N/A	TRUE	Could make copayment match these designations
136	CST_SHR_GRP_JUL_CD	"01,02,03,04,05,06,07,08,09,10,18"	N/A	N/A	N/A	N/A	N/A	N/A	N/A	N/A	N/A	TRUE	Could make copayment match these designations
137	CST_SHR_GRP_JUN_CD	"01,02,03,04,05,06,07,08,09,10,19"	N/A	N/A	N/A	N/A	N/A	N/A	N/A	N/A	N/A	TRUE	Could make copayment match these designations
138	CST_SHR_GRP_MAR_CD	"01,02,03,04,05,06,07,08,09,10,20"	N/A	N/A	N/A	N/A	N/A	N/A	N/A	N/A	N/A	TRUE	Could make copayment match these designations
139	CST_SHR_GRP_MAY_CD	"01,02,03,04,05,06,07,08,09,10,21"	N/A	N/A	N/A	N/A	N/A	N/A	N/A	N/A	N/A	TRUE	Could make copayment match these designations
140	CST_SHR_GRP_NOV_CD	"01,02,03,04,05,06,07,08,09,10,22"	N/A	N/A	N/A	N/A	N/A	N/A	N/A	N/A	N/A	TRUE	Could make copayment match these designations
141	CST_SHR_GRP_OCT_CD	"01,02,03,04,05,06,07,08,09,10,23"	N/A	N/A	N/A	N/A	N/A	N/A	N/A	N/A	N/A	TRUE	Could make copayment match these designations
142	CST_SHR_GRP_SEPT_CD	"01,02,03,04,05,06,07,08,09,10,24"	N/A	N/A	N/A	N/A	N/A	N/A	N/A	N/A	N/A	TRUE	Could make copayment match these designations
143	CTSTRPHC_CVRG_CD	N/A	N/A	N/A	N/A	N/A	[Blank]	N/A	N/A	N/A	N/A	TRUE	
144	CVRD_D_PLAN_PD_AMT	N/A	N/A	N/A	N/A	N/A	Coded	N/A	N/A	N/A	N/A	FALSE	
145	DAW_PROD_SLCTN_CD	N/A	N/A	N/A	N/A	N/A	Coded	N/A	N/A	N/A	N/A	FALSE	
146	DAYS_SUPLY_NUM	N/A	N/A	N/A	N/A	N/A	Coded	N/A	N/A	N/A	N/A	FALSE	
147	DEATH_DT	Coded	N/A	N/A	N/A	N/A	N/A	N/A	N/A	N/A	N/A	TRUE	
148	DMERC_LINE_MTUS_CD	N/A	N/A	N/A	N/A	N/A	N/A	0	N/A	N/A	N/A	TRUE	
149	DMERC_LINE_MTUS_CNT	N/A	N/A	N/A	N/A	N/A	N/A	(supply quantity for DME goes here)	N/A	N/A	N/A	FALSE	
150	DMERC_LINE_PRCNG_STATE_CD	N/A	N/A	N/A	N/A	N/A	N/A	Coded	N/A	N/A	N/A	TRUE	
151	DMERC_LINE_SCRN_SVGS_AMT	N/A	N/A	N/A	N/A	N/A	N/A	0	N/A	N/A	N/A	TRUE	
152	DMERC_LINE_SUPPLR_TYPE_CD	N/A	N/A	N/A	N/A	N/A	N/A	"0,1,2,3,4,5,6,7,8"	N/A	N/A	N/A	TRUE	
153	DML_IND	INSERT	INSERT	INSERT	INSERT	INSERT	INSERT	INSERT	INSERT	INSERT	INSERT	FALSE	
154	DRUG_CVRG_STUS_CD	N/A	N/A	N/A	N/A	N/A	C	N/A	N/A	N/A	N/A	FALSE	
155	DSH_OP_CLM_VAL_AMT	N/A	N/A	0	N/A	N/A	N/A	N/A	N/A	N/A	N/A	TRUE	
156	DSPNSNG_STUS_CD	N/A	N/A	N/A	N/A	N/A	[Blank]	N/A	N/A	N/A	N/A	TRUE	
157	DUAL_MO_CNT	0	N/A	N/A	N/A	N/A	N/A	N/A	N/A	N/A	N/A	TRUE	
158	EFIVEPCT	[Blank]	N/A	N/A	N/A	N/A	N/A	N/A	N/A	N/A	N/A	TRUE	
159	ENRL_SRC	CME	N/A	N/A	N/A	N/A	N/A	N/A	N/A	N/A	N/A	TRUE	
160	FILL_NUM	N/A	N/A	N/A	N/A	N/A	Coded	N/A	N/A	N/A	N/A	FALSE	
161	FINAL_ACTION	N/A	N/A	F (F or V)	F	F (F or V)	F	F	F (F or N)	F (F or N)	F (F or N)	FALSE	
162	FIPS_STATE_CNTY_APR_CD		N/A	N/A	N/A	N/A	N/A	N/A	N/A	N/A	N/A	TRUE	NOT PRESENT IN DATA DICTIONARY
163	FIPS_STATE_CNTY_AUG_CD		N/A	N/A	N/A	N/A	N/A	N/A	N/A	N/A	N/A	TRUE	NOT PRESENT IN DATA DICTIONARY
164	FIPS_STATE_CNTY_DEC_CD		N/A	N/A	N/A	N/A	N/A	N/A	N/A	N/A	N/A	TRUE	NOT PRESENT IN DATA DICTIONARY
165	FIPS_STATE_CNTY_FEB_CD		N/A	N/A	N/A	N/A	N/A	N/A	N/A	N/A	N/A	TRUE	NOT PRESENT IN DATA DICTIONARY
166	FIPS_STATE_CNTY_JAN_CD		N/A	N/A	N/A	N/A	N/A	N/A	N/A	N/A	N/A	TRUE	NOT PRESENT IN DATA DICTIONARY
167	FIPS_STATE_CNTY_JUL_CD		N/A	N/A	N/A	N/A	N/A	N/A	N/A	N/A	N/A	TRUE	NOT PRESENT IN DATA DICTIONARY
168	FIPS_STATE_CNTY_JUN_CD		N/A	N/A	N/A	N/A	N/A	N/A	N/A	N/A	N/A	TRUE	NOT PRESENT IN DATA DICTIONARY
169	FIPS_STATE_CNTY_MAR_CD		N/A	N/A	N/A	N/A	N/A	N/A	N/A	N/A	N/A	TRUE	NOT PRESENT IN DATA DICTIONARY
170	FIPS_STATE_CNTY_MAY_CD		N/A	N/A	N/A	N/A	N/A	N/A	N/A	N/A	N/A	TRUE	NOT PRESENT IN DATA DICTIONARY
171	FIPS_STATE_CNTY_NOV_CD		N/A	N/A	N/A	N/A	N/A	N/A	N/A	N/A	N/A	TRUE	NOT PRESENT IN DATA DICTIONARY
172	FIPS_STATE_CNTY_OCT_CD		N/A	N/A	N/A	N/A	N/A	N/A	N/A	N/A	N/A	TRUE	NOT PRESENT IN DATA DICTIONARY
173	FIPS_STATE_CNTY_SEPT_CD		N/A	N/A	N/A	N/A	N/A	N/A	N/A	N/A	N/A	TRUE	NOT PRESENT IN DATA DICTIONARY
174	FI_CLM_ACTN_CD	N/A	N/A		N/A	N/A	N/A	N/A	N/A	N/A		TRUE	
175	FI_CLM_PROC_DT	N/A	N/A			N/A	N/A	N/A				TRUE	
176	FI_DOC_CLM_CNTL_NUM	N/A	N/A	Coded	Coded	N/A	N/A	N/A	Coded	Coded	Coded	TRUE	
177	FI_NUM	N/A	N/A			N/A	N/A	N/A				TRUE	
178	FI_ORIG_CLM_CNTL_NUM	N/A	N/A			N/A	N/A	N/A				TRUE	
179	FST_DGNS_E_CD	N/A	N/A			N/A	N/A	N/A				TRUE	
180	FST_DGNS_E_VRSN_CD	N/A	N/A			N/A	N/A	N/A				TRUE	
181	GDC_ABV_OOPT_AMT	N/A	N/A	N/A	N/A	N/A	Coded	N/A	N/A	N/A	N/A	FALSE	
182	GDC_BLW_OOPT_AMT	N/A	N/A	N/A	N/A	N/A	Coded	N/A	N/A	N/A	N/A	FALSE	
183	HCPCS_1ST_MDFR_CD	N/A	N/A	N/A			N/A				N/A	TRUE	
184	HCPCS_2ND_MDFR_CD	N/A	N/A	N/A			N/A				N/A	TRUE	
185	HCPCS_3RD_MDFR_CD	N/A	N/A	N/A	N/A	N/A	N/A		N/A	N/A	N/A	TRUE	
186	HCPCS_4TH_MDFR_CD	N/A	N/A	N/A	N/A	N/A	N/A		N/A	N/A	N/A	TRUE	
187	HCPCS_CD	N/A	N/A	Coded	Coded	Coded	N/A	Coded	Coded	Coded	Coded	TRUE	
188	HMO_10_IND		N/A	N/A	N/A	N/A	N/A	N/A	N/A	N/A	N/A	TRUE	
189	HMO_11_IND		N/A	N/A	N/A	N/A	N/A	N/A	N/A	N/A	N/A	TRUE	
190	HMO_12_IND		N/A	N/A	N/A	N/A	N/A	N/A	N/A	N/A	N/A	TRUE	
191	HMO_1_IND		N/A	N/A	N/A	N/A	N/A	N/A	N/A	N/A	N/A	TRUE	
192	HMO_2_IND		N/A	N/A	N/A	N/A	N/A	N/A	N/A	N/A	N/A	TRUE	
193	HMO_3_IND		N/A	N/A	N/A	N/A	N/A	N/A	N/A	N/A	N/A	TRUE	
194	HMO_4_IND		N/A	N/A	N/A	N/A	N/A	N/A	N/A	N/A	N/A	TRUE	
195	HMO_5_IND		N/A	N/A	N/A	N/A	N/A	N/A	N/A	N/A	N/A	TRUE	
196	HMO_6_IND		N/A	N/A	N/A	N/A	N/A	N/A	N/A	N/A	N/A	TRUE	
197	HMO_7_IND		N/A	N/A	N/A	N/A	N/A	N/A	N/A	N/A	N/A	TRUE	
198	HMO_8_IND		N/A	N/A	N/A	N/A	N/A	N/A	N/A	N/A	N/A	TRUE	
199	HMO_9_IND		N/A	N/A	N/A	N/A	N/A	N/A	N/A	N/A	N/A	TRUE	
200	HMO_MO_CNT	0	N/A	N/A	N/A	N/A	N/A	N/A	N/A	N/A	N/A	TRUE	
201	HPSA_SCRCTY_IND_CD	N/A	N/A	N/A	N/A	[Blank]	N/A	N/A	N/A	N/A	N/A	TRUE	
202	ICD_DGNS_CD1	N/A	N/A	Coded	Coded	Coded	N/A	Coded	Coded	Coded	Coded	TRUE	
203	ICD_DGNS_CD10	N/A	N/A	Coded	Coded	Coded	N/A	Coded	Coded	Coded	Coded	TRUE	
204	ICD_DGNS_CD11	N/A	N/A	Coded	Coded	Coded	N/A	Coded	Coded	Coded	Coded	TRUE	
205	ICD_DGNS_CD12	N/A	N/A	Coded	Coded	Coded	N/A	Coded	Coded	Coded	Coded	TRUE	
206	ICD_DGNS_CD13	N/A	N/A	Coded	Coded	N/A	N/A	N/A	Coded	Coded	Coded	TRUE	
207	ICD_DGNS_CD14	N/A	N/A	Coded	Coded	N/A	N/A	N/A	Coded	Coded	Coded	TRUE	
208	ICD_DGNS_CD15	N/A	N/A	Coded	Coded	N/A	N/A	N/A	Coded	Coded	Coded	TRUE	
209	ICD_DGNS_CD16	N/A	N/A	Coded	Coded	N/A	N/A	N/A	Coded	Coded	Coded	TRUE	
210	ICD_DGNS_CD17	N/A	N/A	Coded	Coded	N/A	N/A	N/A	Coded	Coded	Coded	TRUE	
211	ICD_DGNS_CD18	N/A	N/A	Coded	Coded	N/A	N/A	N/A	Coded	Coded	Coded	TRUE	
212	ICD_DGNS_CD19	N/A	N/A	Coded	Coded	N/A	N/A	N/A	Coded	Coded	Coded	TRUE	
213	ICD_DGNS_CD2	N/A	N/A	Coded	Coded	Coded	N/A	Coded	Coded	Coded	Coded	TRUE	
214	ICD_DGNS_CD20	N/A	N/A	Coded	Coded	N/A	N/A	N/A	Coded	Coded	Coded	TRUE	
215	ICD_DGNS_CD21	N/A	N/A	Coded	Coded	N/A	N/A	N/A	Coded	Coded	Coded	TRUE	
216	ICD_DGNS_CD22	N/A	N/A	Coded	Coded	N/A	N/A	N/A	Coded	Coded	Coded	TRUE	
217	ICD_DGNS_CD23	N/A	N/A	Coded	Coded	N/A	N/A	N/A	Coded	Coded	Coded	TRUE	
218	ICD_DGNS_CD24	N/A	N/A	Coded	Coded	N/A	N/A	N/A	Coded	Coded	Coded	TRUE	
219	ICD_DGNS_CD25	N/A	N/A	Coded	Coded	N/A	N/A	N/A	Coded	Coded	Coded	TRUE	
220	ICD_DGNS_CD3	N/A	N/A	Coded	Coded	Coded	N/A	Coded	Coded	Coded	Coded	TRUE	
221	ICD_DGNS_CD4	N/A	N/A	Coded	Coded	Coded	N/A	Coded	Coded	Coded	Coded	TRUE	
222	ICD_DGNS_CD5	N/A	N/A	Coded	Coded	Coded	N/A	Coded	Coded	Coded	Coded	TRUE	
223	ICD_DGNS_CD6	N/A	N/A	Coded	Coded	Coded	N/A	Coded	Coded	Coded	Coded	TRUE	
224	ICD_DGNS_CD7	N/A	N/A	Coded	Coded	Coded	N/A	Coded	Coded	Coded	Coded	TRUE	
225	ICD_DGNS_CD8	N/A	N/A	Coded	Coded	Coded	N/A	Coded	Coded	Coded	Coded	TRUE	
226	ICD_DGNS_CD9	N/A	N/A	Coded	Coded	Coded	N/A	Coded	Coded	Coded	Coded	TRUE	
227	ICD_DGNS_E_CD1	N/A	N/A			N/A	N/A	N/A				TRUE	
228	ICD_DGNS_E_CD10	N/A	N/A			N/A	N/A	N/A				TRUE	
229	ICD_DGNS_E_CD11	N/A	N/A			N/A	N/A	N/A				TRUE	
230	ICD_DGNS_E_CD12	N/A	N/A			N/A	N/A	N/A				TRUE	
231	ICD_DGNS_E_CD2	N/A	N/A			N/A	N/A	N/A				TRUE	
232	ICD_DGNS_E_CD3	N/A	N/A			N/A	N/A	N/A				TRUE	
233	ICD_DGNS_E_CD4	N/A	N/A			N/A	N/A	N/A				TRUE	
234	ICD_DGNS_E_CD5	N/A	N/A			N/A	N/A	N/A				TRUE	
235	ICD_DGNS_E_CD6	N/A	N/A			N/A	N/A	N/A				TRUE	
236	ICD_DGNS_E_CD7	N/A	N/A			N/A	N/A	N/A				TRUE	
237	ICD_DGNS_E_CD8	N/A	N/A			N/A	N/A	N/A				TRUE	
238	ICD_DGNS_E_CD9	N/A	N/A			N/A	N/A	N/A				TRUE	
239	ICD_DGNS_E_VRSN_CD1	N/A	N/A			N/A	N/A	N/A				TRUE	
240	ICD_DGNS_E_VRSN_CD10	N/A	N/A			N/A	N/A	N/A				TRUE	
241	ICD_DGNS_E_VRSN_CD11	N/A	N/A			N/A	N/A	N/A				TRUE	
242	ICD_DGNS_E_VRSN_CD12	N/A	N/A			N/A	N/A	N/A				TRUE	
243	ICD_DGNS_E_VRSN_CD2	N/A	N/A			N/A	N/A	N/A				TRUE	
244	ICD_DGNS_E_VRSN_CD3	N/A	N/A			N/A	N/A	N/A				TRUE	
245	ICD_DGNS_E_VRSN_CD4	N/A	N/A			N/A	N/A	N/A				TRUE	
246	ICD_DGNS_E_VRSN_CD5	N/A	N/A			N/A	N/A	N/A				TRUE	
247	ICD_DGNS_E_VRSN_CD6	N/A	N/A			N/A	N/A	N/A				TRUE	
248	ICD_DGNS_E_VRSN_CD7	N/A	N/A			N/A	N/A	N/A				TRUE	
249	ICD_DGNS_E_VRSN_CD8	N/A	N/A			N/A	N/A	N/A				TRUE	
250	ICD_DGNS_E_VRSN_CD9	N/A	N/A			N/A	N/A	N/A				TRUE	
251	ICD_DGNS_VRSN_CD1	N/A	N/A	Coded	Coded	Coded	N/A	Coded	Coded	Coded	Coded	TRUE	
252	ICD_DGNS_VRSN_CD10	N/A	N/A	Coded	Coded	Coded	N/A	Coded	Coded	Coded	Coded	TRUE	
253	ICD_DGNS_VRSN_CD11	N/A	N/A	Coded	Coded	Coded	N/A	Coded	Coded	Coded	Coded	TRUE	
254	ICD_DGNS_VRSN_CD12	N/A	N/A	Coded	Coded	Coded	N/A	Coded	Coded	Coded	Coded	TRUE	
255	ICD_DGNS_VRSN_CD13	N/A	N/A	Coded	Coded	N/A	N/A	N/A	Coded	Coded	Coded	TRUE	
256	ICD_DGNS_VRSN_CD14	N/A	N/A	Coded	Coded	N/A	N/A	N/A	Coded	Coded	Coded	TRUE	
257	ICD_DGNS_VRSN_CD15	N/A	N/A	Coded	Coded	N/A	N/A	N/A	Coded	Coded	Coded	TRUE	
258	ICD_DGNS_VRSN_CD16	N/A	N/A	Coded	Coded	N/A	N/A	N/A	Coded	Coded	Coded	TRUE	
259	ICD_DGNS_VRSN_CD17	N/A	N/A	Coded	Coded	N/A	N/A	N/A	Coded	Coded	Coded	TRUE	
260	ICD_DGNS_VRSN_CD18	N/A	N/A	Coded	Coded	N/A	N/A	N/A	Coded	Coded	Coded	TRUE	
261	ICD_DGNS_VRSN_CD19	N/A	N/A	Coded	Coded	N/A	N/A	N/A	Coded	Coded	Coded	TRUE	
262	ICD_DGNS_VRSN_CD2	N/A	N/A	Coded	Coded	Coded	N/A	Coded	Coded	Coded	Coded	TRUE	
263	ICD_DGNS_VRSN_CD20	N/A	N/A	Coded	Coded	N/A	N/A	N/A	Coded	Coded	Coded	TRUE	
264	ICD_DGNS_VRSN_CD21	N/A	N/A	Coded	Coded	N/A	N/A	N/A	Coded	Coded	Coded	TRUE	
265	ICD_DGNS_VRSN_CD22	N/A	N/A	Coded	Coded	N/A	N/A	N/A	Coded	Coded	Coded	TRUE	
266	ICD_DGNS_VRSN_CD23	N/A	N/A	Coded	Coded	N/A	N/A	N/A	Coded	Coded	Coded	TRUE	
267	ICD_DGNS_VRSN_CD24	N/A	N/A	Coded	Coded	N/A	N/A	N/A	Coded	Coded	Coded	TRUE	
268	ICD_DGNS_VRSN_CD25	N/A	N/A	Coded	Coded	N/A	N/A	N/A	Coded	Coded	Coded	TRUE	
269	ICD_DGNS_VRSN_CD3	N/A	N/A	Coded	Coded	Coded	N/A	Coded	Coded	Coded	Coded	TRUE	
270	ICD_DGNS_VRSN_CD4	N/A	N/A	Coded	Coded	Coded	N/A	Coded	Coded	Coded	Coded	TRUE	
271	ICD_DGNS_VRSN_CD5	N/A	N/A	Coded	Coded	Coded	N/A	Coded	Coded	Coded	Coded	TRUE	
272	ICD_DGNS_VRSN_CD6	N/A	N/A	Coded	Coded	Coded	N/A	Coded	Coded	Coded	Coded	TRUE	
273	ICD_DGNS_VRSN_CD7	N/A	N/A	Coded	Coded	Coded	N/A	Coded	Coded	Coded	Coded	TRUE	
274	ICD_DGNS_VRSN_CD8	N/A	N/A	Coded	Coded	Coded	N/A	Coded	Coded	Coded	Coded	TRUE	
275	ICD_DGNS_VRSN_CD9	N/A	N/A	Coded	Coded	Coded	N/A	Coded	Coded	Coded	Coded	TRUE	
276	ICD_PRCDR_CD1	N/A	N/A	Coded	Coded	N/A	N/A	N/A	N/A	N/A	Coded	TRUE	
277	ICD_PRCDR_CD10	N/A	N/A	Coded	Coded	N/A	N/A	N/A	N/A	N/A	Coded	TRUE	
278	ICD_PRCDR_CD11	N/A	N/A	Coded	Coded	N/A	N/A	N/A	N/A	N/A	Coded	TRUE	
279	ICD_PRCDR_CD12	N/A	N/A	Coded	Coded	N/A	N/A	N/A	N/A	N/A	Coded	TRUE	
280	ICD_PRCDR_CD13	N/A	N/A	Coded	Coded	N/A	N/A	N/A	N/A	N/A	Coded	TRUE	
281	ICD_PRCDR_CD14	N/A	N/A	Coded	Coded	N/A	N/A	N/A	N/A	N/A	Coded	TRUE	
282	ICD_PRCDR_CD15	N/A	N/A	Coded	Coded	N/A	N/A	N/A	N/A	N/A	Coded	TRUE	
283	ICD_PRCDR_CD16	N/A	N/A	Coded	Coded	N/A	N/A	N/A	N/A	N/A	Coded	TRUE	
284	ICD_PRCDR_CD17	N/A	N/A	Coded	Coded	N/A	N/A	N/A	N/A	N/A	Coded	TRUE	
285	ICD_PRCDR_CD18	N/A	N/A	Coded	Coded	N/A	N/A	N/A	N/A	N/A	Coded	TRUE	
286	ICD_PRCDR_CD19	N/A	N/A	Coded	Coded	N/A	N/A	N/A	N/A	N/A	Coded	TRUE	
287	ICD_PRCDR_CD2	N/A	N/A	Coded	Coded	N/A	N/A	N/A	N/A	N/A	Coded	TRUE	
288	ICD_PRCDR_CD20	N/A	N/A	Coded	Coded	N/A	N/A	N/A	N/A	N/A	Coded	TRUE	
289	ICD_PRCDR_CD21	N/A	N/A	Coded	Coded	N/A	N/A	N/A	N/A	N/A	Coded	TRUE	
290	ICD_PRCDR_CD22	N/A	N/A	Coded	Coded	N/A	N/A	N/A	N/A	N/A	Coded	TRUE	
291	ICD_PRCDR_CD23	N/A	N/A	Coded	Coded	N/A	N/A	N/A	N/A	N/A	Coded	TRUE	
292	ICD_PRCDR_CD24	N/A	N/A	Coded	Coded	N/A	N/A	N/A	N/A	N/A	Coded	TRUE	
293	ICD_PRCDR_CD25	N/A	N/A	Coded	Coded	N/A	N/A	N/A	N/A	N/A	Coded	TRUE	
294	ICD_PRCDR_CD3	N/A	N/A	Coded	Coded	N/A	N/A	N/A	N/A	N/A	Coded	TRUE	
295	ICD_PRCDR_CD4	N/A	N/A	Coded	Coded	N/A	N/A	N/A	N/A	N/A	Coded	TRUE	
296	ICD_PRCDR_CD5	N/A	N/A	Coded	Coded	N/A	N/A	N/A	N/A	N/A	Coded	TRUE	
297	ICD_PRCDR_CD6	N/A	N/A	Coded	Coded	N/A	N/A	N/A	N/A	N/A	Coded	TRUE	
298	ICD_PRCDR_CD7	N/A	N/A	Coded	Coded	N/A	N/A	N/A	N/A	N/A	Coded	TRUE	
299	ICD_PRCDR_CD8	N/A	N/A	Coded	Coded	N/A	N/A	N/A	N/A	N/A	Coded	TRUE	
300	ICD_PRCDR_CD9	N/A	N/A	Coded	Coded	N/A	N/A	N/A	N/A	N/A	Coded	TRUE	
301	ICD_PRCDR_VRSN_CD1	N/A	N/A	Coded	Coded	N/A	N/A	N/A	N/A	N/A	Coded	TRUE	
302	ICD_PRCDR_VRSN_CD10	N/A	N/A	Coded	Coded	N/A	N/A	N/A	N/A	N/A	Coded	TRUE	
303	ICD_PRCDR_VRSN_CD11	N/A	N/A	Coded	Coded	N/A	N/A	N/A	N/A	N/A	Coded	TRUE	
304	ICD_PRCDR_VRSN_CD12	N/A	N/A	Coded	Coded	N/A	N/A	N/A	N/A	N/A	Coded	TRUE	
305	ICD_PRCDR_VRSN_CD13	N/A	N/A	Coded	Coded	N/A	N/A	N/A	N/A	N/A	Coded	TRUE	
306	ICD_PRCDR_VRSN_CD14	N/A	N/A	Coded	Coded	N/A	N/A	N/A	N/A	N/A	Coded	TRUE	
307	ICD_PRCDR_VRSN_CD15	N/A	N/A	Coded	Coded	N/A	N/A	N/A	N/A	N/A	Coded	TRUE	
308	ICD_PRCDR_VRSN_CD16	N/A	N/A	Coded	Coded	N/A	N/A	N/A	N/A	N/A	Coded	TRUE	
309	ICD_PRCDR_VRSN_CD17	N/A	N/A	Coded	Coded	N/A	N/A	N/A	N/A	N/A	Coded	TRUE	
310	ICD_PRCDR_VRSN_CD18	N/A	N/A	Coded	Coded	N/A	N/A	N/A	N/A	N/A	Coded	TRUE	
311	ICD_PRCDR_VRSN_CD19	N/A	N/A	Coded	Coded	N/A	N/A	N/A	N/A	N/A	Coded	TRUE	
312	ICD_PRCDR_VRSN_CD2	N/A	N/A	Coded	Coded	N/A	N/A	N/A	N/A	N/A	Coded	TRUE	
313	ICD_PRCDR_VRSN_CD20	N/A	N/A	Coded	Coded	N/A	N/A	N/A	N/A	N/A	Coded	TRUE	
314	ICD_PRCDR_VRSN_CD21	N/A	N/A	Coded	Coded	N/A	N/A	N/A	N/A	N/A	Coded	TRUE	
315	ICD_PRCDR_VRSN_CD22	N/A	N/A	Coded	Coded	N/A	N/A	N/A	N/A	N/A	Coded	TRUE	
316	ICD_PRCDR_VRSN_CD23	N/A	N/A	Coded	Coded	N/A	N/A	N/A	N/A	N/A	Coded	TRUE	
317	ICD_PRCDR_VRSN_CD24	N/A	N/A	Coded	Coded	N/A	N/A	N/A	N/A	N/A	Coded	TRUE	
318	ICD_PRCDR_VRSN_CD25	N/A	N/A	Coded	Coded	N/A	N/A	N/A	N/A	N/A	Coded	TRUE	
319	ICD_PRCDR_VRSN_CD3	N/A	N/A	Coded	Coded	N/A	N/A	N/A	N/A	N/A	Coded	TRUE	
320	ICD_PRCDR_VRSN_CD4	N/A	N/A	Coded	Coded	N/A	N/A	N/A	N/A	N/A	Coded	TRUE	
321	ICD_PRCDR_VRSN_CD5	N/A	N/A	Coded	Coded	N/A	N/A	N/A	N/A	N/A	Coded	TRUE	
322	ICD_PRCDR_VRSN_CD6	N/A	N/A	Coded	Coded	N/A	N/A	N/A	N/A	N/A	Coded	TRUE	
323	ICD_PRCDR_VRSN_CD7	N/A	N/A	Coded	Coded	N/A	N/A	N/A	N/A	N/A	Coded	TRUE	
324	ICD_PRCDR_VRSN_CD8	N/A	N/A	Coded	Coded	N/A	N/A	N/A	N/A	N/A	Coded	TRUE	
325	ICD_PRCDR_VRSN_CD9	N/A	N/A	Coded	Coded	N/A	N/A	N/A	N/A	N/A	Coded	TRUE	
326	IME_OP_CLM_VAL_AMT	N/A	N/A	0	N/A	N/A	N/A	N/A	N/A	N/A	N/A	TRUE	
327	LICS_AMT	N/A	N/A	N/A	N/A	N/A	0	N/A	N/A	N/A	N/A	FALSE	
328	LINE_1ST_EXPNS_DT	N/A	N/A	N/A	N/A	Coded	N/A	Coded	N/A	N/A	N/A	TRUE	
329	LINE_ALOWD_CHRG_AMT	N/A	N/A	N/A	N/A	Coded	N/A	Coded	N/A	N/A	N/A	FALSE	
330	LINE_BENE_PMT_AMT	N/A	N/A	N/A	N/A	0	N/A	Coded	N/A	N/A	N/A	FALSE	
331	LINE_BENE_PRMRY_PYR_CD	N/A	N/A	N/A	N/A	[Blank]	N/A	[Blank]	N/A	N/A	N/A	TRUE	
332	LINE_BENE_PRMRY_PYR_PD_AMT	N/A	N/A	N/A	N/A	0	N/A	1	N/A	N/A	N/A	FALSE	
333	LINE_BENE_PTB_DDCTBL_AMT	N/A	N/A	N/A	N/A	Coded	N/A	Coded	N/A	N/A	N/A	FALSE	wrapped in if statement
334	LINE_CMS_TYPE_SRVC_CD	N/A	N/A	N/A	N/A	1	N/A	Coded	N/A	N/A	N/A	FALSE	
335	LINE_COINSRNC_AMT	N/A	N/A	N/A	N/A	Coded	N/A	Coded	N/A	N/A	N/A	FALSE	wrapped in if statement
336	LINE_DME_PRCHS_PRICE_AMT	N/A	N/A	N/A	N/A	N/A	N/A	(Mapped from SNOMED)	N/A	N/A	N/A	FALSE	although devices are linked to encounters. the costs in encounters does not seem to account for devices. so mapped
337	LINE_HCT_HGB_RSLT_NUM	N/A	N/A	N/A	N/A	Coded	N/A	Coded	N/A	N/A	N/A	FALSE	
338	LINE_HCT_HGB_TYPE_CD	N/A	N/A	N/A	N/A	(R1 when LINE_HCT_HGB_RSLT_NUM as value)	N/A	(R1 when LINE_HCT_HGB_RSLT_NUM as value)	N/A	N/A	N/A	TRUE	
339	LINE_ICD_DGNS_CD	N/A	N/A	N/A	N/A	Coded	N/A	Coded	N/A	N/A	N/A	TRUE	
340	LINE_ICD_DGNS_VRSN_CD	N/A	N/A	N/A	N/A	0	N/A	0	N/A	N/A	N/A	TRUE	
341	LINE_LAST_EXPNS_DT	N/A	N/A	N/A	N/A	Coded	N/A	Coded	N/A	N/A	N/A	TRUE	
342	LINE_NCH_PMT_AMT	N/A	N/A	N/A	N/A	Coded	N/A	(Mapped from SNOMED)	N/A	N/A	N/A	FALSE	
343	LINE_NDC_CD	N/A	N/A	N/A	N/A		N/A		N/A	N/A	N/A	TRUE	
344	LINE_NUM	N/A	N/A	N/A	N/A	1	N/A	Coded	N/A	N/A	N/A	FALSE	
345	LINE_PLACE_OF_SRVC_CD	N/A	N/A	N/A	N/A	11 (11=office)	N/A	11 (11=office)	N/A	N/A	N/A	FALSE	
346	LINE_PMT_80_100_CD	N/A	N/A	N/A	N/A		N/A		N/A	N/A	N/A	TRUE	
347	LINE_PRCSG_IND_CD	N/A	N/A	N/A	N/A	A	N/A	A	N/A	N/A	N/A	TRUE	
348	LINE_PRMRY_ALOWD_CHRG_AMT	N/A	N/A	N/A	N/A	N/A	N/A	(Mapped from SNOMED)	N/A	N/A	N/A	FALSE	
349	LINE_PRVDR_PMT_AMT	N/A	N/A	N/A	N/A	Coded	N/A	Coded	N/A	N/A	N/A	FALSE	
350	LINE_SBMTD_CHRG_AMT	N/A	N/A	N/A	N/A	Coded	N/A	Coded	N/A	N/A	N/A	FALSE	
351	LINE_SERVICE_DEDUCTIBLE	N/A	N/A	N/A	N/A		N/A		N/A	N/A	N/A	TRUE	
352	LINE_SRVC_CNT	N/A	N/A	N/A	N/A	Coded	N/A	1	N/A	N/A	N/A	FALSE	
353	MBI_BGN_RSN_CD	N/A	N/A	N/A	N/A	N/A	N/A	N/A	N/A	N/A	N/A	TRUE	
354	MBI_CARD_RQST_DT	N/A	N/A	N/A	N/A	N/A	N/A	N/A	N/A	N/A	N/A	TRUE	
355	MBI_EFCTV_BGN_DT	N/A	N/A	N/A	N/A	N/A	N/A	N/A	N/A	N/A	N/A	TRUE	
356	MBI_EFCTV_END_DT	N/A	N/A	N/A	N/A	N/A	N/A	N/A	N/A	N/A	N/A	TRUE	
357	MBI_END_RSN_CD	N/A	N/A	N/A	N/A	N/A	N/A	N/A	N/A	N/A	N/A	TRUE	
358	MBI_NUM	Coded	Coded	N/A	N/A	N/A	N/A	N/A	N/A	N/A	N/A	TRUE	Missing in codebook
359	MBI_SQNC_NUM	N/A	N/A	N/A	N/A	N/A	N/A	N/A	N/A	N/A	N/A	TRUE	
360	MDCR_ENTLMT_BUYIN_10_IND		N/A	N/A	N/A	N/A	N/A	N/A	N/A	N/A	N/A	TRUE	
361	MDCR_ENTLMT_BUYIN_11_IND		N/A	N/A	N/A	N/A	N/A	N/A	N/A	N/A	N/A	TRUE	
362	MDCR_ENTLMT_BUYIN_12_IND		N/A	N/A	N/A	N/A	N/A	N/A	N/A	N/A	N/A	TRUE	
363	MDCR_ENTLMT_BUYIN_1_IND		N/A	N/A	N/A	N/A	N/A	N/A	N/A	N/A	N/A	TRUE	
364	MDCR_ENTLMT_BUYIN_2_IND		N/A	N/A	N/A	N/A	N/A	N/A	N/A	N/A	N/A	TRUE	
365	MDCR_ENTLMT_BUYIN_3_IND		N/A	N/A	N/A	N/A	N/A	N/A	N/A	N/A	N/A	TRUE	
366	MDCR_ENTLMT_BUYIN_4_IND		N/A	N/A	N/A	N/A	N/A	N/A	N/A	N/A	N/A	TRUE	
367	MDCR_ENTLMT_BUYIN_5_IND		N/A	N/A	N/A	N/A	N/A	N/A	N/A	N/A	N/A	TRUE	
368	MDCR_ENTLMT_BUYIN_6_IND		N/A	N/A	N/A	N/A	N/A	N/A	N/A	N/A	N/A	TRUE	
369	MDCR_ENTLMT_BUYIN_7_IND		N/A	N/A	N/A	N/A	N/A	N/A	N/A	N/A	N/A	TRUE	
370	MDCR_ENTLMT_BUYIN_8_IND		N/A	N/A	N/A	N/A	N/A	N/A	N/A	N/A	N/A	TRUE	
371	MDCR_ENTLMT_BUYIN_9_IND		N/A	N/A	N/A	N/A	N/A	N/A	N/A	N/A	N/A	TRUE	
372	MDCR_STUS_APR_CD		N/A	N/A	N/A	N/A	N/A	N/A	N/A	N/A	N/A	TRUE	
373	MDCR_STUS_AUG_CD		N/A	N/A	N/A	N/A	N/A	N/A	N/A	N/A	N/A	TRUE	
374	MDCR_STUS_DEC_CD		N/A	N/A	N/A	N/A	N/A	N/A	N/A	N/A	N/A	TRUE	
375	MDCR_STUS_FEB_CD		N/A	N/A	N/A	N/A	N/A	N/A	N/A	N/A	N/A	TRUE	
376	MDCR_STUS_JAN_CD		N/A	N/A	N/A	N/A	N/A	N/A	N/A	N/A	N/A	TRUE	
377	MDCR_STUS_JUL_CD		N/A	N/A	N/A	N/A	N/A	N/A	N/A	N/A	N/A	TRUE	
378	MDCR_STUS_JUN_CD		N/A	N/A	N/A	N/A	N/A	N/A	N/A	N/A	N/A	TRUE	
379	MDCR_STUS_MAR_CD		N/A	N/A	N/A	N/A	N/A	N/A	N/A	N/A	N/A	TRUE	
380	MDCR_STUS_MAY_CD		N/A	N/A	N/A	N/A	N/A	N/A	N/A	N/A	N/A	TRUE	
381	MDCR_STUS_NOV_CD		N/A	N/A	N/A	N/A	N/A	N/A	N/A	N/A	N/A	TRUE	
382	MDCR_STUS_OCT_CD		N/A	N/A	N/A	N/A	N/A	N/A	N/A	N/A	N/A	TRUE	
383	MDCR_STUS_SEPT_CD		N/A	N/A	N/A	N/A	N/A	N/A	N/A	N/A	N/A	TRUE	
384	META_DUAL_ELGBL_STUS_APR_CD		N/A	N/A	N/A	N/A	N/A	N/A	N/A	N/A	N/A	TRUE	
385	META_DUAL_ELGBL_STUS_AUG_CD		N/A	N/A	N/A	N/A	N/A	N/A	N/A	N/A	N/A	TRUE	
386	META_DUAL_ELGBL_STUS_DEC_CD		N/A	N/A	N/A	N/A	N/A	N/A	N/A	N/A	N/A	TRUE	
387	META_DUAL_ELGBL_STUS_FEB_CD		N/A	N/A	N/A	N/A	N/A	N/A	N/A	N/A	N/A	TRUE	
388	META_DUAL_ELGBL_STUS_JAN_CD		N/A	N/A	N/A	N/A	N/A	N/A	N/A	N/A	N/A	TRUE	
389	META_DUAL_ELGBL_STUS_JUL_CD		N/A	N/A	N/A	N/A	N/A	N/A	N/A	N/A	N/A	TRUE	
390	META_DUAL_ELGBL_STUS_JUN_CD		N/A	N/A	N/A	N/A	N/A	N/A	N/A	N/A	N/A	TRUE	
391	META_DUAL_ELGBL_STUS_MAR_CD		N/A	N/A	N/A	N/A	N/A	N/A	N/A	N/A	N/A	TRUE	
392	META_DUAL_ELGBL_STUS_MAY_CD		N/A	N/A	N/A	N/A	N/A	N/A	N/A	N/A	N/A	TRUE	
393	META_DUAL_ELGBL_STUS_NOV_CD		N/A	N/A	N/A	N/A	N/A	N/A	N/A	N/A	N/A	TRUE	
394	META_DUAL_ELGBL_STUS_OCT_CD		N/A	N/A	N/A	N/A	N/A	N/A	N/A	N/A	N/A	TRUE	
395	META_DUAL_ELGBL_STUS_SEPT_CD		N/A	N/A	N/A	N/A	N/A	N/A	N/A	N/A	N/A	TRUE	
396	NCH_ACTV_OR_CVRD_LVL_CARE_THRU	N/A	N/A		N/A	N/A	N/A	N/A	N/A	N/A		TRUE	
397	NCH_BENE_BLOOD_DDCTBL_LBLTY_AM	N/A	N/A	0	0	N/A	N/A	N/A	N/A	N/A	0	FALSE	
398	NCH_BENE_DSCHRG_DT	N/A	N/A	Coded	N/A	N/A	N/A	N/A	N/A	Coded	Coded	TRUE	
399	NCH_BENE_IP_DDCTBL_AMT	N/A	N/A	Coded	N/A	N/A	N/A	N/A	N/A	N/A	Coded	FALSE	
400	NCH_BENE_MDCR_BNFTS_EXHTD_DT_I	N/A	N/A		N/A	N/A	N/A	N/A	N/A	N/A		TRUE	
401	NCH_BENE_PTA_COINSRNC_LBLTY_AM	N/A	N/A	Coded	N/A	N/A	N/A	N/A	N/A	N/A	Coded	FALSE	
402	NCH_BENE_PTB_COINSRNC_AMT	N/A	N/A	N/A	"0,10,20"	N/A	N/A	N/A	N/A	N/A	N/A	FALSE	
403	NCH_BENE_PTB_DDCTBL_AMT	N/A	N/A	N/A	Coded	N/A	N/A	N/A	N/A	N/A	N/A	FALSE	
404	NCH_BLOOD_PNTS_FRNSHD_QTY	N/A	N/A	0	N/A	N/A	N/A	N/A	N/A	N/A	0	FALSE	
405	NCH_CARR_CLM_ALOWD_AMT	N/A	N/A	N/A	N/A	Coded	N/A	(Sum of LINE_ALOWD_CHRG_AMT)	N/A	N/A	N/A	FALSE	
406	NCH_CARR_CLM_SBMTD_CHRG_AMT	N/A	N/A	N/A	N/A	Coded	N/A	(Sum of Â LINE_SBMTD_CHRG_AMT)	N/A	N/A	N/A	FALSE	
407	NCH_CLM_BENE_PMT_AMT	N/A	N/A	N/A	N/A	0	N/A	0	N/A	N/A	N/A	FALSE	
408	NCH_CLM_PRVDR_PMT_AMT	N/A	N/A	N/A	N/A	Coded	N/A	(Sum of LINE_PRVDR_PMT_AMT)	N/A	N/A	N/A	FALSE	
409	NCH_CLM_TYPE_CD	N/A	N/A	60 (Always 60 for inpatient claims)	40 (40=outpatient)	"71 (local carrier, non-DME)"	N/A	82 (DMEPOS)	10 (HHA)	50 (Hospice)	"20 (20 = non swing bed, 30 = swing bed)"	FALSE	
410	NCH_DRG_OUTLIER_APRVD_PMT_AMT	N/A	N/A	0	N/A	N/A	N/A	N/A	N/A	N/A	N/A	TRUE	
411	NCH_IP_NCVRD_CHRG_AMT	N/A	N/A	Coded	N/A	N/A	N/A	N/A	N/A	N/A	Coded	FALSE	
412	NCH_IP_TOT_DDCTN_AMT	N/A	N/A	Coded	N/A	N/A	N/A	N/A	N/A	N/A	Coded	FALSE	
413	NCH_NEAR_LINE_REC_IDENT_CD	N/A	N/A	V (V = inpatient)	W (W=outpatient)	O (O=physician)	N/A	M (DMEPOS)	"V,W,U (V=part A, W=part B, U=part A and B)"	V (V = Hospice)	V (V = SNF)	FALSE	
414	NCH_PRMRY_PYR_CD	N/A	N/A	[Blank]	[Blank]	N/A	N/A	N/A	[Blank]	[Blank]	[Blank]	TRUE	
415	NCH_PRMRY_PYR_CLM_PD_AMT	N/A	N/A	Coded	Coded	N/A	N/A	N/A	Coded	Coded	Coded	FALSE	
416	NCH_PROFNL_CMPNT_CHRG_AMT	N/A	N/A	4 (fixed $ amount?)	4 (fixed $ amount?)	N/A	N/A	N/A	N/A	N/A	N/A	FALSE	
417	NCH_PTNT_STATUS_IND_CD	N/A	N/A		N/A	N/A	N/A	N/A	N/A	Coded		TRUE	
418	NCH_QLFYD_STAY_FROM_DT	N/A	N/A	N/A	N/A	N/A	N/A	N/A	N/A	N/A		TRUE	
419	NCH_QLFYD_STAY_THRU_DT	N/A	N/A	N/A	N/A	N/A	N/A	N/A	N/A	N/A		TRUE	
420	NCH_VRFD_NCVRD_STAY_FROM_DT	N/A	N/A		N/A	N/A	N/A	N/A	N/A	N/A		TRUE	
421	NCH_VRFD_NCVRD_STAY_THRU_DT	N/A	N/A		N/A	N/A	N/A	N/A	N/A	N/A		TRUE	
422	NCH_WKLY_PROC_DT	N/A	N/A	Coded	Coded	Coded	N/A	Coded	Coded	Coded	Coded	FALSE	
423	NCVRD_PLAN_PD_AMT	N/A	N/A	N/A	N/A	N/A	Coded	N/A	N/A	N/A	N/A	FALSE	
424	NSTD_FRMT_CD	N/A	N/A	N/A	N/A	N/A	[Blank]	N/A	N/A	N/A	N/A	TRUE	
425	OP_PHYSN_NPI	N/A	N/A	[Blank]	Coded	N/A	N/A	N/A	N/A	N/A		TRUE	
426	OP_PHYSN_UPIN	N/A	N/A	[Blank]	[Blank]	N/A	N/A	N/A	N/A	N/A		TRUE	
427	ORG_NPI_NUM	N/A	N/A	Coded	Coded	Coded	N/A	N/A	Coded	Coded	Coded	TRUE	
428	OTHR_TROOP_AMT	N/A	N/A	N/A	N/A	N/A	0	N/A	N/A	N/A	N/A	FALSE	
429	OT_PHYSN_NPI	N/A	N/A			N/A	N/A	N/A	N/A	N/A		TRUE	
430	OT_PHYSN_UPIN	N/A	N/A			N/A	N/A	N/A	N/A	N/A		TRUE	
431	PDE_ID	N/A	N/A	N/A	N/A	N/A	Coded	N/A	N/A	N/A	N/A	FALSE	
432	PD_DT	N/A	N/A	N/A	N/A	N/A	Coded	N/A	N/A	N/A	N/A	TRUE	
433	PHRMCY_SRVC_TYPE_CD	N/A	N/A	N/A	N/A	N/A	Coded	N/A	N/A	N/A	N/A	FALSE	
434	PLAN_CNTRCT_REC_ID	N/A	N/A	N/A	N/A	N/A	Coded	N/A	N/A	N/A	N/A	FALSE	
435	PLAN_CVRG_MO_CNT	Coded	N/A	N/A	N/A	N/A	N/A	N/A	N/A	N/A	N/A	TRUE	
436	PLAN_PBP_REC_NUM	N/A	N/A	N/A	N/A	N/A	999	N/A	N/A	N/A	N/A	FALSE	
437	PLRO_AMT	N/A	N/A	N/A	N/A	N/A	0	N/A	N/A	N/A	N/A	FALSE	
438	PRCDR_DT1	N/A	N/A	Coded	Coded	N/A	N/A	N/A	N/A	N/A	Coded	TRUE	
439	PRCDR_DT10	N/A	N/A	Coded	Coded	N/A	N/A	N/A	N/A	N/A	Coded	TRUE	
440	PRCDR_DT11	N/A	N/A	Coded	Coded	N/A	N/A	N/A	N/A	N/A	Coded	TRUE	
441	PRCDR_DT12	N/A	N/A	Coded	Coded	N/A	N/A	N/A	N/A	N/A	Coded	TRUE	
442	PRCDR_DT13	N/A	N/A	Coded	Coded	N/A	N/A	N/A	N/A	N/A	Coded	TRUE	
443	PRCDR_DT14	N/A	N/A	Coded	Coded	N/A	N/A	N/A	N/A	N/A	Coded	TRUE	
444	PRCDR_DT15	N/A	N/A	Coded	Coded	N/A	N/A	N/A	N/A	N/A	Coded	TRUE	
445	PRCDR_DT16	N/A	N/A	Coded	Coded	N/A	N/A	N/A	N/A	N/A	Coded	TRUE	
446	PRCDR_DT17	N/A	N/A	Coded	Coded	N/A	N/A	N/A	N/A	N/A	Coded	TRUE	
447	PRCDR_DT18	N/A	N/A	Coded	Coded	N/A	N/A	N/A	N/A	N/A	Coded	TRUE	
448	PRCDR_DT19	N/A	N/A	Coded	Coded	N/A	N/A	N/A	N/A	N/A	Coded	TRUE	
449	PRCDR_DT2	N/A	N/A	Coded	Coded	N/A	N/A	N/A	N/A	N/A	Coded	TRUE	
450	PRCDR_DT20	N/A	N/A	Coded	Coded	N/A	N/A	N/A	N/A	N/A	Coded	TRUE	
451	PRCDR_DT21	N/A	N/A	Coded	Coded	N/A	N/A	N/A	N/A	N/A	Coded	TRUE	
452	PRCDR_DT22	N/A	N/A	Coded	Coded	N/A	N/A	N/A	N/A	N/A	Coded	TRUE	
453	PRCDR_DT23	N/A	N/A	Coded	Coded	N/A	N/A	N/A	N/A	N/A	Coded	TRUE	
454	PRCDR_DT24	N/A	N/A	Coded	Coded	N/A	N/A	N/A	N/A	N/A	Coded	TRUE	
455	PRCDR_DT25	N/A	N/A	Coded	Coded	N/A	N/A	N/A	N/A	N/A	Coded	TRUE	
456	PRCDR_DT3	N/A	N/A	Coded	Coded	N/A	N/A	N/A	N/A	N/A	Coded	TRUE	
457	PRCDR_DT4	N/A	N/A	Coded	Coded	N/A	N/A	N/A	N/A	N/A	Coded	TRUE	
458	PRCDR_DT5	N/A	N/A	Coded	Coded	N/A	N/A	N/A	N/A	N/A	Coded	TRUE	
459	PRCDR_DT6	N/A	N/A	Coded	Coded	N/A	N/A	N/A	N/A	N/A	Coded	TRUE	
460	PRCDR_DT7	N/A	N/A	Coded	Coded	N/A	N/A	N/A	N/A	N/A	Coded	TRUE	
461	PRCDR_DT8	N/A	N/A	Coded	Coded	N/A	N/A	N/A	N/A	N/A	Coded	TRUE	
462	PRCDR_DT9	N/A	N/A	Coded	Coded	N/A	N/A	N/A	N/A	N/A	Coded	TRUE	
463	PRCNG_EXCPTN_CD	N/A	N/A	N/A	N/A	N/A		N/A	N/A	N/A	N/A	TRUE	
464	PRF_PHYSN_NPI	N/A	N/A	N/A	N/A	Coded	N/A	N/A	N/A	N/A	N/A	TRUE	
465	PRF_PHYSN_UPIN	N/A	N/A	N/A	N/A		N/A	N/A	N/A	N/A	N/A	TRUE	
466	PRNCPAL_DGNS_CD	N/A	N/A	Coded	Coded	Coded	N/A	Coded	Coded	Coded	Coded	TRUE	
467	PRNCPAL_DGNS_VRSN_CD	N/A	N/A	0	0	0	N/A	0	0	0	0	TRUE	
468	PROD_SRVC_ID	N/A	N/A	N/A	N/A	N/A	Coded	N/A	N/A	N/A	N/A	FALSE	
469	PRSCRBR_ID	N/A	N/A	N/A	N/A	N/A	Coded	N/A	N/A	N/A	N/A	FALSE	
470	PRSCRBR_ID_QLFYR_CD	N/A	N/A	N/A	N/A	N/A	01 (NPI)	N/A	N/A	N/A	N/A	FALSE	
471	PRTCPTNG_IND_CD	N/A	N/A	N/A	N/A	"1,2,3,4,5,6,7"	N/A	"1,2,3,4,5,6,7"	N/A	N/A	N/A	TRUE	
472	PRVDR_NPI	N/A	N/A	N/A	N/A	N/A	N/A	Coded	N/A	N/A	N/A	TRUE	
473	PRVDR_NUM	N/A	N/A	Coded	Coded	N/A	N/A	Coded	Coded	Coded	Coded	TRUE/FALSE	
474	PRVDR_SPCLTY	N/A	N/A	N/A	N/A	Coded	N/A	Coded	N/A	N/A	N/A	TRUE	
475	PRVDR_STATE_CD	N/A	N/A	Coded	Coded	N/A	N/A	Coded	Coded	Coded	Coded	TRUE/FALSE	
476	PRVDR_ZIP	N/A	N/A	N/A	N/A		N/A	N/A	N/A	N/A	N/A	TRUE	
477	PTC_CNTRCT_APR_ID		N/A	N/A	N/A	N/A	N/A	N/A	N/A	N/A	N/A	TRUE	
478	PTC_CNTRCT_AUG_ID		N/A	N/A	N/A	N/A	N/A	N/A	N/A	N/A	N/A	TRUE	
479	PTC_CNTRCT_DEC_ID		N/A	N/A	N/A	N/A	N/A	N/A	N/A	N/A	N/A	TRUE	
480	PTC_CNTRCT_FEB_ID		N/A	N/A	N/A	N/A	N/A	N/A	N/A	N/A	N/A	TRUE	
481	PTC_CNTRCT_JAN_ID		N/A	N/A	N/A	N/A	N/A	N/A	N/A	N/A	N/A	TRUE	
482	PTC_CNTRCT_JUL_ID		N/A	N/A	N/A	N/A	N/A	N/A	N/A	N/A	N/A	TRUE	
483	PTC_CNTRCT_JUN_ID		N/A	N/A	N/A	N/A	N/A	N/A	N/A	N/A	N/A	TRUE	
484	PTC_CNTRCT_MAR_ID		N/A	N/A	N/A	N/A	N/A	N/A	N/A	N/A	N/A	TRUE	
485	PTC_CNTRCT_MAY_ID		N/A	N/A	N/A	N/A	N/A	N/A	N/A	N/A	N/A	TRUE	
486	PTC_CNTRCT_NOV_ID		N/A	N/A	N/A	N/A	N/A	N/A	N/A	N/A	N/A	TRUE	
487	PTC_CNTRCT_OCT_ID		N/A	N/A	N/A	N/A	N/A	N/A	N/A	N/A	N/A	TRUE	
488	PTC_CNTRCT_SEPT_ID		N/A	N/A	N/A	N/A	N/A	N/A	N/A	N/A	N/A	TRUE	
489	PTC_PBP_APR_ID		N/A	N/A	N/A	N/A	N/A	N/A	N/A	N/A	N/A	TRUE	
490	PTC_PBP_AUG_ID		N/A	N/A	N/A	N/A	N/A	N/A	N/A	N/A	N/A	TRUE	
491	PTC_PBP_DEC_ID		N/A	N/A	N/A	N/A	N/A	N/A	N/A	N/A	N/A	TRUE	
492	PTC_PBP_FEB_ID		N/A	N/A	N/A	N/A	N/A	N/A	N/A	N/A	N/A	TRUE	
493	PTC_PBP_JAN_ID		N/A	N/A	N/A	N/A	N/A	N/A	N/A	N/A	N/A	TRUE	
494	PTC_PBP_JUL_ID		N/A	N/A	N/A	N/A	N/A	N/A	N/A	N/A	N/A	TRUE	
495	PTC_PBP_JUN_ID		N/A	N/A	N/A	N/A	N/A	N/A	N/A	N/A	N/A	TRUE	
496	PTC_PBP_MAR_ID		N/A	N/A	N/A	N/A	N/A	N/A	N/A	N/A	N/A	TRUE	
497	PTC_PBP_MAY_ID		N/A	N/A	N/A	N/A	N/A	N/A	N/A	N/A	N/A	TRUE	
498	PTC_PBP_NOV_ID		N/A	N/A	N/A	N/A	N/A	N/A	N/A	N/A	N/A	TRUE	
499	PTC_PBP_OCT_ID		N/A	N/A	N/A	N/A	N/A	N/A	N/A	N/A	N/A	TRUE	
500	PTC_PBP_SEPT_ID		N/A	N/A	N/A	N/A	N/A	N/A	N/A	N/A	N/A	TRUE	
501	PTC_PLAN_TYPE_APR_CD		N/A	N/A	N/A	N/A	N/A	N/A	N/A	N/A	N/A	TRUE	
502	PTC_PLAN_TYPE_AUG_CD		N/A	N/A	N/A	N/A	N/A	N/A	N/A	N/A	N/A	TRUE	
503	PTC_PLAN_TYPE_DEC_CD		N/A	N/A	N/A	N/A	N/A	N/A	N/A	N/A	N/A	TRUE	
504	PTC_PLAN_TYPE_FEB_CD		N/A	N/A	N/A	N/A	N/A	N/A	N/A	N/A	N/A	TRUE	
505	PTC_PLAN_TYPE_JAN_CD		N/A	N/A	N/A	N/A	N/A	N/A	N/A	N/A	N/A	TRUE	
506	PTC_PLAN_TYPE_JUL_CD		N/A	N/A	N/A	N/A	N/A	N/A	N/A	N/A	N/A	TRUE	
507	PTC_PLAN_TYPE_JUN_CD		N/A	N/A	N/A	N/A	N/A	N/A	N/A	N/A	N/A	TRUE	
508	PTC_PLAN_TYPE_MAR_CD		N/A	N/A	N/A	N/A	N/A	N/A	N/A	N/A	N/A	TRUE	
509	PTC_PLAN_TYPE_MAY_CD		N/A	N/A	N/A	N/A	N/A	N/A	N/A	N/A	N/A	TRUE	
510	PTC_PLAN_TYPE_NOV_CD		N/A	N/A	N/A	N/A	N/A	N/A	N/A	N/A	N/A	TRUE	
511	PTC_PLAN_TYPE_OCT_CD		N/A	N/A	N/A	N/A	N/A	N/A	N/A	N/A	N/A	TRUE	
512	PTC_PLAN_TYPE_SEPT_CD		N/A	N/A	N/A	N/A	N/A	N/A	N/A	N/A	N/A	TRUE	
513	PTD_CNTRCT_APR_ID	Coded	N/A	N/A	N/A	N/A	N/A	N/A	N/A	N/A	N/A	TRUE	
514	PTD_CNTRCT_AUG_ID	Coded	N/A	N/A	N/A	N/A	N/A	N/A	N/A	N/A	N/A	TRUE	
515	PTD_CNTRCT_DEC_ID	Coded	N/A	N/A	N/A	N/A	N/A	N/A	N/A	N/A	N/A	TRUE	
516	PTD_CNTRCT_FEB_ID	Coded	N/A	N/A	N/A	N/A	N/A	N/A	N/A	N/A	N/A	TRUE	
517	PTD_CNTRCT_JAN_ID	Coded	N/A	N/A	N/A	N/A	N/A	N/A	N/A	N/A	N/A	TRUE	
518	PTD_CNTRCT_JUL_ID	Coded	N/A	N/A	N/A	N/A	N/A	N/A	N/A	N/A	N/A	TRUE	
519	PTD_CNTRCT_JUN_ID	Coded	N/A	N/A	N/A	N/A	N/A	N/A	N/A	N/A	N/A	TRUE	
520	PTD_CNTRCT_MAR_ID	Coded	N/A	N/A	N/A	N/A	N/A	N/A	N/A	N/A	N/A	TRUE	
521	PTD_CNTRCT_MAY_ID	Coded	N/A	N/A	N/A	N/A	N/A	N/A	N/A	N/A	N/A	TRUE	
522	PTD_CNTRCT_NOV_ID	Coded	N/A	N/A	N/A	N/A	N/A	N/A	N/A	N/A	N/A	TRUE	
523	PTD_CNTRCT_OCT_ID	Coded	N/A	N/A	N/A	N/A	N/A	N/A	N/A	N/A	N/A	TRUE	
524	PTD_CNTRCT_SEPT_ID	Coded	N/A	N/A	N/A	N/A	N/A	N/A	N/A	N/A	N/A	TRUE	
525	PTD_PBP_APR_ID		N/A	N/A	N/A	N/A	N/A	N/A	N/A	N/A	N/A	TRUE	
526	PTD_PBP_AUG_ID		N/A	N/A	N/A	N/A	N/A	N/A	N/A	N/A	N/A	TRUE	
527	PTD_PBP_DEC_ID		N/A	N/A	N/A	N/A	N/A	N/A	N/A	N/A	N/A	TRUE	
528	PTD_PBP_FEB_ID		N/A	N/A	N/A	N/A	N/A	N/A	N/A	N/A	N/A	TRUE	
529	PTD_PBP_JAN_ID		N/A	N/A	N/A	N/A	N/A	N/A	N/A	N/A	N/A	TRUE	
530	PTD_PBP_JUL_ID		N/A	N/A	N/A	N/A	N/A	N/A	N/A	N/A	N/A	TRUE	
531	PTD_PBP_JUN_ID		N/A	N/A	N/A	N/A	N/A	N/A	N/A	N/A	N/A	TRUE	
532	PTD_PBP_MAR_ID		N/A	N/A	N/A	N/A	N/A	N/A	N/A	N/A	N/A	TRUE	
533	PTD_PBP_MAY_ID		N/A	N/A	N/A	N/A	N/A	N/A	N/A	N/A	N/A	TRUE	
534	PTD_PBP_NOV_ID		N/A	N/A	N/A	N/A	N/A	N/A	N/A	N/A	N/A	TRUE	
535	PTD_PBP_OCT_ID		N/A	N/A	N/A	N/A	N/A	N/A	N/A	N/A	N/A	TRUE	
536	PTD_PBP_SEPT_ID		N/A	N/A	N/A	N/A	N/A	N/A	N/A	N/A	N/A	TRUE	
537	PTD_SGMT_APR_ID		N/A	N/A	N/A	N/A	N/A	N/A	N/A	N/A	N/A	TRUE	
538	PTD_SGMT_AUG_ID		N/A	N/A	N/A	N/A	N/A	N/A	N/A	N/A	N/A	TRUE	
539	PTD_SGMT_DEC_ID		N/A	N/A	N/A	N/A	N/A	N/A	N/A	N/A	N/A	TRUE	
540	PTD_SGMT_FEB_ID		N/A	N/A	N/A	N/A	N/A	N/A	N/A	N/A	N/A	TRUE	
541	PTD_SGMT_JAN_ID		N/A	N/A	N/A	N/A	N/A	N/A	N/A	N/A	N/A	TRUE	
542	PTD_SGMT_JUL_ID		N/A	N/A	N/A	N/A	N/A	N/A	N/A	N/A	N/A	TRUE	
543	PTD_SGMT_JUN_ID		N/A	N/A	N/A	N/A	N/A	N/A	N/A	N/A	N/A	TRUE	
544	PTD_SGMT_MAR_ID		N/A	N/A	N/A	N/A	N/A	N/A	N/A	N/A	N/A	TRUE	
545	PTD_SGMT_MAY_ID		N/A	N/A	N/A	N/A	N/A	N/A	N/A	N/A	N/A	TRUE	
546	PTD_SGMT_NOV_ID		N/A	N/A	N/A	N/A	N/A	N/A	N/A	N/A	N/A	TRUE	
547	PTD_SGMT_OCT_ID		N/A	N/A	N/A	N/A	N/A	N/A	N/A	N/A	N/A	TRUE	
548	PTD_SGMT_SEPT_ID		N/A	N/A	N/A	N/A	N/A	N/A	N/A	N/A	N/A	TRUE	
549	PTNT_DSCHRG_STUS_CD	N/A	N/A	Coded	N/A	N/A	N/A	N/A	81	Coded	Coded	TRUE/FALSE	
550	PTNT_PAY_AMT	N/A	N/A	N/A	N/A	N/A	Coded	N/A	N/A	N/A	N/A	FALSE	
551	PTNT_RSDNC_CD	N/A	N/A	N/A	N/A	N/A	Coded	N/A	N/A	N/A	N/A	FALSE	
552	QTY_DSPNSD_NUM	N/A	N/A	N/A	N/A	N/A	Coded	N/A	N/A	N/A	N/A	FALSE	
553	RDS_APR_IND		N/A	N/A	N/A	N/A	N/A	N/A	N/A	N/A	N/A	TRUE	
554	RDS_AUG_IND		N/A	N/A	N/A	N/A	N/A	N/A	N/A	N/A	N/A	TRUE	
555	RDS_DEC_IND		N/A	N/A	N/A	N/A	N/A	N/A	N/A	N/A	N/A	TRUE	
556	RDS_FEB_IND		N/A	N/A	N/A	N/A	N/A	N/A	N/A	N/A	N/A	TRUE	
557	RDS_JAN_IND		N/A	N/A	N/A	N/A	N/A	N/A	N/A	N/A	N/A	TRUE	
558	RDS_JUL_IND		N/A	N/A	N/A	N/A	N/A	N/A	N/A	N/A	N/A	TRUE	
559	RDS_JUN_IND		N/A	N/A	N/A	N/A	N/A	N/A	N/A	N/A	N/A	TRUE	
560	RDS_MAR_IND		N/A	N/A	N/A	N/A	N/A	N/A	N/A	N/A	N/A	TRUE	
561	RDS_MAY_IND		N/A	N/A	N/A	N/A	N/A	N/A	N/A	N/A	N/A	TRUE	
562	RDS_MO_CNT	Coded	N/A	N/A	N/A	N/A	N/A	N/A	N/A	N/A	N/A	TRUE	
563	RDS_NOV_IND		N/A	N/A	N/A	N/A	N/A	N/A	N/A	N/A	N/A	TRUE	
564	RDS_OCT_IND		N/A	N/A	N/A	N/A	N/A	N/A	N/A	N/A	N/A	TRUE	
565	RDS_SEPT_IND		N/A	N/A	N/A	N/A	N/A	N/A	N/A	N/A	N/A	TRUE	
566	REV_CNTR	N/A	N/A	"0001 (total charge, lots of alternatives)"	"0001 (total charge, lots of alternatives)"	N/A	N/A	N/A	"0001 (total charge, lots of alternatives)"	0650 (Hospice services - general)	"0001,0022 (0001=total charge, 0022=SNF under PPS)"	FALSE	
567	REV_CNTR_1ST_ANSI_CD	N/A	N/A	N/A		N/A	N/A	N/A		N/A	N/A	TRUE	
568	REV_CNTR_1ST_MSP_PD_AMT	N/A	N/A	N/A	0	N/A	N/A	N/A	N/A	N/A	N/A	FALSE	
569	REV_CNTR_2ND_ANSI_CD	N/A	N/A	N/A		N/A	N/A	N/A	N/A	N/A	N/A	TRUE	
570	REV_CNTR_2ND_MSP_PD_AMT	N/A	N/A	N/A	0	N/A	N/A	N/A	N/A	N/A	N/A	FALSE	
571	REV_CNTR_3RD_ANSI_CD	N/A	N/A	N/A		N/A	N/A	N/A	N/A	N/A	N/A	TRUE	
572	REV_CNTR_4TH_ANSI_CD	N/A	N/A	N/A		N/A	N/A	N/A	N/A	N/A	N/A	TRUE	
573	REV_CNTR_APC_HIPPS_CD	N/A	N/A	N/A		N/A	N/A	N/A		N/A	N/A	TRUE	
574	REV_CNTR_BENE_PMT_AMT	N/A	N/A	N/A	0	N/A	N/A	N/A	N/A		N/A	FALSE	
575	REV_CNTR_BLOOD_DDCTBL_AMT	N/A	N/A	N/A	0	N/A	N/A	N/A	N/A	N/A	N/A	FALSE	
576	REV_CNTR_CASH_DDCTBL_AMT	N/A	N/A	N/A	Coded	N/A	N/A	N/A	N/A	N/A	N/A	FALSE	
577	REV_CNTR_COINSRNC_WGE_ADJSTD_C	N/A	N/A	N/A	Coded	N/A	N/A	N/A	N/A	N/A	N/A	FALSE	
578	REV_CNTR_DDCTBL_COINSRNC_CD	N/A	N/A		N/A	N/A	N/A	N/A	Coded	Coded	Coded	TRUE	
579	REV_CNTR_DSCNT_IND_CD	N/A	N/A	N/A		N/A	N/A	N/A	N/A	N/A	N/A	TRUE	
580	REV_CNTR_DT	N/A	N/A	N/A		N/A	N/A	N/A	Coded	Coded	N/A	TRUE	
581	REV_CNTR_IDE_NDC_UPC_NUM	N/A	N/A	N/A		N/A	N/A	N/A	N/A	N/A	N/A	TRUE	
582	REV_CNTR_NCVRD_CHRG_AMT	N/A	N/A	Coded	Coded	N/A	N/A	N/A	Coded	Coded	Coded	TRUE/FALSE	
583	REV_CNTR_NDC_QTY	N/A	N/A	0	0	N/A	N/A	N/A	Coded	Coded	Coded	TRUE	
584	REV_CNTR_NDC_QTY_QLFR_CD	N/A	N/A			N/A	N/A	N/A	Coded	Coded	Coded	TRUE	
585	REV_CNTR_OTAF_PMT_CD	N/A	N/A	N/A		N/A	N/A	N/A	N/A	N/A	N/A	TRUE	
586	REV_CNTR_PACKG_IND_CD	N/A	N/A	N/A		N/A	N/A	N/A	N/A	N/A	N/A	TRUE	
587	REV_CNTR_PMT_AMT_AMT	N/A	N/A	N/A	Coded	N/A	N/A	N/A	Coded	Coded	N/A	FALSE	
588	REV_CNTR_PMT_MTHD_IND_CD	N/A	N/A	N/A		N/A	N/A	N/A	4 (4=paid at reasonable cost)	N/A	N/A	TRUE	
589	REV_CNTR_PRVDR_PMT_AMT	N/A	N/A	N/A	Coded	N/A	N/A	N/A	N/A		N/A	FALSE	
590	REV_CNTR_PTNT_RSPNSBLTY_PMT	N/A	N/A	N/A	Coded	N/A	N/A	N/A	N/A	N/A	N/A	FALSE	
591	REV_CNTR_RATE_AMT	N/A	N/A	0	0	N/A	N/A	N/A	Coded	Coded	Coded	FALSE	
592	REV_CNTR_RDCD_COINSRNC_AMT	N/A	N/A	N/A	Coded	N/A	N/A	N/A	N/A	N/A	N/A	FALSE	
593	REV_CNTR_STUS_IND_CD	N/A	N/A	N/A		N/A	N/A	N/A	4 (4=paid at reasonable cost)	N/A	N/A	TRUE	
594	REV_CNTR_TOT_CHRG_AMT	N/A	N/A	Coded	Coded	N/A	N/A	N/A	Coded	Coded	Coded	FALSE	
595	REV_CNTR_UNIT_CNT	N/A	N/A	0	0	N/A	N/A	N/A	Coded	Coded	Coded	FALSE	
596	RFRNC_YR	Coded	N/A	N/A	N/A	N/A	N/A	N/A	N/A	N/A	N/A	TRUE	
597	RFR_PHYSN_NPI	N/A	N/A	N/A	N/A	Coded	N/A		N/A	N/A	N/A	TRUE	
598	RFR_PHYSN_UPIN	N/A	N/A	N/A	N/A		N/A		N/A	N/A	N/A	TRUE	
599	RNDRNG_PHYSN_NPI	N/A	N/A	Coded	Coded	N/A	N/A	N/A	Coded	Coded	Coded	TRUE	
600	RNDRNG_PHYSN_UPIN	N/A	N/A			N/A	N/A	N/A				TRUE	
601	RPTD_GAP_DSCNT_NUM	N/A	N/A	N/A	N/A	N/A	0	N/A	N/A	N/A	N/A	FALSE	
602	RSN_VISIT_CD1	N/A	N/A	N/A		N/A	N/A	N/A	N/A	N/A	N/A	TRUE	
603	RSN_VISIT_CD2	N/A	N/A	N/A		N/A	N/A	N/A	N/A	N/A	N/A	TRUE	
604	RSN_VISIT_CD3	N/A	N/A	N/A		N/A	N/A	N/A	N/A	N/A	N/A	TRUE	
605	RSN_VISIT_VRSN_CD1	N/A	N/A	N/A		N/A	N/A	N/A	N/A	N/A	N/A	TRUE	
606	RSN_VISIT_VRSN_CD2	N/A	N/A	N/A		N/A	N/A	N/A	N/A	N/A	N/A	TRUE	
607	RSN_VISIT_VRSN_CD3	N/A	N/A	N/A		N/A	N/A	N/A	N/A	N/A	N/A	TRUE	
608	RTI_RACE_CD		N/A	N/A	N/A	N/A	N/A	N/A	N/A	N/A	N/A	TRUE	
609	RX_ORGN_CD	N/A	N/A	N/A	N/A	N/A	"0,3,4"	N/A	N/A	N/A	N/A	TRUE	
610	RX_SRVC_RFRNC_NUM	N/A	N/A	N/A	N/A	N/A	Coded	N/A	N/A	N/A	N/A	FALSE	
611	SAMPLE_GROUP		N/A	N/A	N/A	N/A	N/A	N/A	N/A	N/A	N/A	TRUE	
612	SRVC_DT	N/A	N/A	N/A	N/A	N/A	Coded	N/A	N/A	N/A	N/A	FALSE	
613	SRVC_PRVDR_ID	N/A	N/A	N/A	N/A	N/A	Coded	N/A	N/A	N/A	N/A	FALSE	
614	SRVC_PRVDR_ID_QLFYR_CD	N/A	N/A	N/A	N/A	N/A	01 (undefined)	N/A	N/A	N/A	N/A	FALSE	
615	STATE_CODE	Coded	N/A	N/A	N/A	N/A	N/A	N/A	N/A	N/A	N/A	TRUE/FALSE	
616	SUBMSN_CLR_CD	N/A	N/A	N/A	N/A	N/A		N/A	N/A	N/A	N/A	TRUE	
617	TAX_NUM	N/A	N/A	N/A	N/A	Coded	N/A	Coded	N/A	N/A	N/A	FALSE	
618	TOT_RX_CST_AMT	N/A	N/A	N/A	N/A	N/A	Coded	N/A	N/A	N/A	N/A	FALSE	
619	UPDT_TS	N/A	N/A	N/A	N/A	N/A	N/A	N/A	N/A	N/A	N/A	TRUE	
620	UPDT_USER_ID	N/A	N/A	N/A	N/A	N/A	N/A	N/A	N/A	N/A	N/A	TRUE	
621	V_DOD_SW		N/A	N/A	N/A	N/A	N/A	N/A	N/A	N/A	N/A	TRUE	
622	CARR_CLM_CNTL_NUM	N/A	N/A	N/A	N/A	Coded	N/A	Coded	N/A	N/A	N/A	TRUE	