,id,name,address,city,state,zip,county,phone,CMS Region,ownership,startdate,beds,LAT,LON
0,012007,"NOLAND HOSPITAL MONTGOMERY II, LLC",1725 PINE STREET 5TH FLOOR NORTH WING,MONTGOMERY,AL,36106,Montgomery,(334) 240-0532,4,Government,02/25/1999 12:00:00 AM,60,32.378646999999994,-86.297411
1,072003,GAYLORD HOSPITAL INC,GAYLORD FARM RD,WALLINGFORD,CT,06492,New Haven,(203) 284-2800,1,Non-profit,07/01/1966 12:00:00 AM,137,41.458657,-72.804516
2,082000,SELECT SPECIALTY HOSPITAL WILMINGTON,7TH  &  CLAYTON STREETS  5TH FLOOR,WILMINGTON,DE,19805,New Castle,(302) 421-4591,3,For profit,08/01/1999 12:00:00 AM,35,39.685822,-75.585224
3,102024,SELECT SPECIALTY HOSPITAL PENSACOLA,7000 COBBLE CREEK DR,PENSACOLA,FL,32504,Escambia,(850) 479-5938,4,For profit,10/01/2008 12:00:00 AM,54,30.426725,-87.268114
4,112012,COLUMBUS SPECIALTY HOSPITAL,616 19TH STREEET,COLUMBUS,GA,31901,Muscogee,(706) 494-4075,4,Non-profit,01/01/2004 12:00:00 AM,30,32.510197,-84.874946
5,152025,CENTRAL INDIANA  AMG SPECIALTY HOSPITAL LLC,2401 W UNIVERSITY AVE 5TH FLOOR EAST TOWER,MUNCIE,IN,47303,Delaware,(765) 751-5253,5,For profit,02/16/2005 12:00:00 AM,32,40.198978,-85.393346
6,162002,CONTINUING CARE HOSPITAL,1026 A AVENUE NORTHEAST SIXTH FLOOR,CEDAR RAPIDS,IA,52402,Linn,(319) 369-8142,7,Non-profit,10/29/2008 12:00:00 AM,24,41.967048,-91.67776
7,172007,SELECT SPECIALTY HOSPITAL WICHITA,"929 NORTH ST FRANCIS, 6TH FLOOR, NORTH TOWER",WICHITA,KS,67214,Sedgwick,(316) 962-3930,7,For profit,01/01/2001 12:00:00 AM,35,37.690694,-97.342678
8,182002,CONTINUING CARE HOSP AT ST JOSEPH EAST,ONE SAINT JOSEPH DRIVE,LEXINGTON,KY,40504,Fayette,(859) 268-4800,4,Non-profit,02/27/2002 12:00:00 AM,57,38.040157,-84.458443
9,182004,SELECT SPECIALTY HOSPITAL-NORTHERN KENTUCKY,85 NORTH GRAND AVENUE THREE CENTER 3RD FLR CENTER,FORT THOMAS,KY,41075,Campbell,(859) 572-3880,4,Non-profit,09/01/2004 12:00:00 AM,33,39.081974,-84.453172
10,182005,COMMONWEALTH REGIONAL SPECIALTY HOSPITAL,250 PARK DRIVE 5TH FLOOR,BOWLING GREEN,KY,42101,Warren,(270) 796-6200,4,Non-profit,02/01/2005 12:00:00 AM,28,36.970919,-86.438462
11,182006,CONTINUECARE HOSPITAL AT BAPTIST HEALTH CORBIN,"ONE TRILLIUM WAY, LOWER LEVEL",CORBIN,KY,40701,Knox,(606) 523-5150,4,Non-profit,03/01/2005 12:00:00 AM,32,36.965634,-84.095575
12,192015,OCHSNER EXTENDED CARE HOSPITAL OF KENNER,"180 WEST ESPLANADE, FIFTH FLOOR",KENNER,LA,70065,Jefferson,(504) 464-8590,6,For profit,08/01/1995 12:00:00 AM,32,30.010227,-90.25482
13,192029,LAFAYETTE - A M G SPECIALTY HOSPITAL,"4811 AMBASSADOR CAFFERY PKWY, 4TH FLOOR",LAFAYETTE,LA,70506,Lafayette,(337) 456-8201,6,For profit,01/01/2001 12:00:00 AM,46,30.211573,-92.031394
14,192055,LOUISIANA EXTENDED CARE HOSPITAL OF WEST MONROE,"503 MCMILLIAN ROAD, 3RD FLOOR",WEST MONROE,LA,71291,Ouachita,(318) 329-4300,6,For profit,07/25/2005 12:00:00 AM,21,32.51234,-92.15107
15,232012,SELECT SPECIALTY HOSPITAL-FLINT,"401 S BALLENGER, 5TH FLOOR",FLINT,MI,48532,Genesee,(810) 342-4550,5,For profit,02/01/1998 12:00:00 AM,36,43.024425,-83.691983
16,232019,VIBRA OF SOUTHEASTERN MICHIGAN,26400 W OUTER DRIVE,LINCOLN PARK,MI,48146,Wayne,(313) 594-6000,5,For profit,07/01/1991 12:00:00 AM,220,42.243291,-83.181258
17,232021,SELECT SPECIALTY HOSPITAL - MUSKEGON,"1700 CLINTON STREET, 2 SOUTH AND 3 SOUTH FLOORS",MUSKEGON,MI,49442,Muskegon,(231) 728-5800,5,For profit,07/01/1997 12:00:00 AM,31,43.22654,-86.25724699999998
18,232026,SELECT SPECIALTY HOSPITAL - GRAND RAPIDS,"200 SE JEFFERSON, 5TH FLOOR",GRAND RAPIDS,MI,49503,Kent,(231) 672-6202,5,For profit,01/01/2000 12:00:00 AM,20,42.946808,-85.60849
19,232033,SELECT SPECIALTY HOSPITAL-SAGINAW,"1447 NORTH HARRISON, 7TH  &  8TH FLOOR",SAGINAW,MI,48602,Saginaw,(989) 583-4667,5,For profit,03/01/2003 12:00:00 AM,32,43.417678,-83.954716
20,262015,"LANDMARK HOSPITAL OF CAPE GIRARDEAU, LLC",3255 INDEPENDENCE,CAPE GIRARDEAU,MO,63703,Cape Girardeau,(573) 335-1091,7,For profit,10/01/2006 12:00:00 AM,30,37.308664,-89.559239
21,262020,"LANDMARK HOSPITAL OF COLUMBIA, LLC",604 OLD HIGHWAY 63 NORTH,COLUMBIA,MO,65201,Boone,(573) 499-6600,7,For profit,04/01/2010 12:00:00 AM,42,38.947939,-92.326097
22,292007,LAS VEGAS-AMG SPECIALTY HOSPITAL,4015 SOUTH MCLEOD,LAS VEGAS,NV,89121,Clark,(702) 433-2200,9,For profit,01/01/2004 12:00:00 AM,24,36.227712,-115.264045
23,332006,CALVARY HOSPITAL INC,1740 - 70 EASTCHESTER R0AD,BRONX,NY,10461,Bronx,(718) 863-6900,2,Non-profit,07/01/1966 12:00:00 AM,225,40.848711,-73.852939
24,332014,SUMMIT PARK HOSPITAL - ROCKLAND COUNTY INFIRMARY,SANATORIUM ROAD,POMONA,NY,10970,Rockland,(914) 364-2700,2,Government,07/01/1966 12:00:00 AM,108,41.189138,-74.054249
25,362031,SELECT SPECIALTY HOSPITAL SOUTHEAST OHIO,"200 TAMARACK ROAD, 2ND FLOOR",NEWARK,OH,43055,Licking,(740) 588-7888,5,For profit,04/01/2004 12:00:00 AM,35,40.069732,-82.424925
26,372007,"SELECT SPECIALTY HOSPITAL - TULSA/MIDTOWN, LLC","1125 SOUTH TRENTON, 2ND  &  3RD FLOOR",TULSA,OK,74120,Tulsa,(918) 579-7301,6,For profit,09/01/1994 12:00:00 AM,56,36.127949,-95.902316
27,392036,SELECT SPECIALTY HOSPITAL LAUREL HIGHLANDS INC,ONE MELLON WAY,LATROBE,PA,15650,Westmoreland,(724) 830-8649,3,For profit,04/01/2001 12:00:00 AM,40,40.312434,-79.38259599999998
28,422009,REGENCY HOSPITAL OF GREENVILLE,"1 ST FRANCIS DRIVE, 4TH FLOOR",GREENVILLE,SC,29601,Greenville,(864) 255-1401,4,For profit,08/01/2005 12:00:00 AM,32,34.845538,-82.364909
29,442016,SELECT SPECIALTY HOSPITAL-TRICITIES,"ONE MEDICAL PARK BOULEVARD, 5TH FLOOR",BRISTOL,TN,37620,Sullivan,(423) 844-5900,4,For profit,11/01/2000 12:00:00 AM,33,36.558788,-82.216961
30,452018,TEXAS HEALTH SPECIALTY HOSPITAL FORT WORTH,1300 PENNSYLVANIA 4TH FLOOR MAIN BLDG,FORT WORTH,TX,76104,Tarrant,(817) 878-5500,6,Non-profit,04/03/1990 12:00:00 AM,15,32.779542,-97.346335
31,452031,MEMORIAL SPECIALTY HOSPITAL,1201 FRANK ST SUITE D,LUFKIN,TX,75901,Angelina,(936) 639-7975,6,Non-profit,01/01/1994 12:00:00 AM,26,31.320334000000006,-94.730616
32,452051,ETMC SPECIALTY,1000 S BECKHAM 5TH FLOOR,TYLER,TX,75701,Smith,(903) 535-6551,6,Non-profit,05/01/1995 12:00:00 AM,36,32.314954,-95.304631
33,452063,LIFECARE HOSPITALS OF SOUTH TX,2001 M STREET,MC ALLEN,TX,78504,Hidalgo,(956) 926-7000,6,For profit,04/09/1998 12:00:00 AM,84,26.171134,-98.199913
34,452091,TYLER CONTINUECARE HOSPITAL (AT MOTHER FRANCES),800 EAST DAWSON 4TH FLOOR,TYLER,TX,75701,Smith,(903) 531-4942,6,Non-profit,06/02/2004 12:00:00 AM,51,32.314954,-95.304631
35,452108,DALLAS LTACH LLC,8050 MEADOWS ROAD,DALLAS,TX,75231,Dallas,(469) 232-6500,6,For profit,07/01/2008 12:00:00 AM,60,32.794176,-96.765503
36,452120,SELECT SPECIALTY HOSPITAL DALLAS GARLAND,2300 MARIE CURIE 3W AND 3E,GARLAND,TX,75042,Dallas,(469) 334-0853,6,For profit,07/01/2015 12:00:00 AM,40,32.909826,-96.630357
37,462004,PROMISE HOSPITAL OF SALT LAKE,8TH AVENUE C STREET,SALT LAKE CITY,UT,84143,Salt Lake,(801) 408-7109,8,For profit,02/01/2003 12:00:00 AM,41,40.77852,-111.931414
38,392047,SELECT SPECIALTY HOSPITAL - DANVILLE,100 NORTH ACADEMY AVENUE 3RD FLR BUSH  &  GEISINGER,DANVILLE,PA,17822,Montour,(570) 214-9648,3,For profit,02/01/2005 12:00:00 AM,30,40.961676,-76.61204000000002
39,452040,ACUITY HOSPITAL OF SOUTH TEXAS,718 LEXINGTON AVENUE,SAN ANTONIO,TX,78212,Bexar,(210) 572-4600,6,For profit,08/01/1994 12:00:00 AM,30,29.472403000000003,-98.525142
40,342021,CAROLINAS CONTINUECARE HOSPITAL AT UNIVERSITY,8800 NORTH TRYON STREET,CHARLOTTE,NC,28262,Mecklenburg,(704) 863-8300,4,Non-profit,12/22/2015 12:00:00 AM,35,35.20870700000001,-80.83073900000002
41,032004,"CHG HOSPITAL TUCSON, LLC",7220 EAST ROSEWOOD STREET,TUCSON,AZ,85710,Pima,(520) 546-4595,9,For profit,07/01/1998 12:00:00 AM,34,32.179196000000005,-111.125346
42,452039,KINDRED HOSPITAL,11297 FALLBROOK,HOUSTON,TX,77065,Harris,(281) 897-8114,6,For profit,06/01/1994 12:00:00 AM,76,29.780472,-95.386342
43,442010,BAPTIST MEMORIAL RESTORATIVE CARE HOSPITAL,6019 WALNUT GROVE ROAD 1 WEST,MEMPHIS,TN,38120,Shelby,(901) 226-1400,4,Non-profit,07/01/1995 12:00:00 AM,30,35.103543,-89.978498
44,192030,"ST THERESA SPECIALTY HOSPITAL, LLC",3601 LOYOLA DRIVE,KENNER,LA,70065,Jefferson,(504) 904-7561,6,For profit,02/05/2001 12:00:00 AM,73,30.010227,-90.25482
45,232029,SPECTRUM HEALTH SPECIAL CARE HOSPITAL - BLODGETT,1840 WEATHLY STREET SE,GRAND RAPIDS,MI,49506,Kent,(616) 486-2453,5,Non-profit,01/01/2001 12:00:00 AM,146,42.961156,-85.65557
46,282000,MADONNA REHABILITATION LTC HOSPITAL,5401 SOUTH ST,LINCOLN,NE,68506,Lancaster,(402) 413-3000,7,Non-profit,07/01/1984 12:00:00 AM,96,40.808957,-96.680354
47,362023,VIBRA HOSPITAL OF MAHONING VALLEY,8049 SOUTH AVENUE,BOARDMAN,OH,44512,Mahoning,(330) 726-5021,5,Non-profit,02/01/2000 12:00:00 AM,45,41.033132,-80.665596
48,442012,SELECT SPECIALTY HOSPITAL-KNOXVILLE,1901 CLINCH AVE FORTH FLOOR N,KNOXVILLE,TN,37916,Knox,(865) 547-2615,4,For profit,08/01/1998 12:00:00 AM,35,35.970875,-83.94647900000002
49,492009,VIBRA HOSPITAL OF RICHMOND,2220 EDWARD HOLLAND DRIVE,RICHMOND,VA,23230,Henrico,(804) 678-7000,3,For profit,05/01/2008 12:00:00 AM,60,37.531399,-77.47600899999998
50,372012,SPECIALTY HOSPITAL OF MIDWEST CITY,8210 NATIONAL AVENUE,MIDWEST CITY,OK,73110,Oklahoma,(405) 739-0800,6,For profit,05/31/1998 12:00:00 AM,31,35.45875200000001,-97.37457
51,312023,ACUITY SPECIALTY HOSPITAL OF NEW JERSEY,1925 PACIFIC AVENUE 5TH FLOOR,ATLANTIC CITY,NJ,08401,Atlantic,(609) 441-2122,2,Non-profit,06/01/2010 12:00:00 AM,30,39.377297,-74.451082
52,312024,COLUMBUS HOSPITAL LTACH,495 NORTH 13TH STREET,NEWARK,NJ,07107,Essex,(973) 587-7712,2,Non-profit,09/14/2010 12:00:00 AM,63,40.72422,-74.172574
53,102001,SELECT SPECIALTY HOSPITAL-MIAMI,955 NW 3RD STREET 8TH FLOOR,MIAMI,FL,33128,Miami-Dade,(305) 416-5700,4,For profit,09/01/2003 12:00:00 AM,47,25.70855,-80.295105
54,102009,KINDRED HOSPITAL-BAY AREA-TAMPA,4555 S MANHATTAN AVE,TAMPA,FL,33611,Hillsborough,(813) 839-6341,4,For profit,11/01/1988 12:00:00 AM,155,27.970086,-82.47967299999998
55,282002,SELECT SPECIALTY HOSPITAL - LINCOLN,2300 SOUTH 16TH STREET - 7TH FLOOR,LINCOLN,NE,68502,Lancaster,(402) 361-5755,7,For profit,02/01/2015 12:00:00 AM,24,40.808957,-96.680354
56,052037,KINDRED HOSPITAL ONTARIO,550 NORTH MONTEREY,ONTARIO,CA,91764,San Bernardino,(909) 391-0333,9,For profit,02/01/1995 12:00:00 AM,91,34.039524,-117.608769
57,362027,SELECT SPECIALTY HOSPITAL-AKRON,200 EAST MARKET STREET,AKRON,OH,44308,Summit,(330) 761-7500,5,For profit,12/01/2000 12:00:00 AM,34,41.080456,-81.521429
58,052050,KINDRED HOSPITAL SOUTH BAY,1246 WEST 155TH STREET,GARDENA,CA,90247,Los Angeles,(310) 323-5330,9,For profit,10/01/2006 12:00:00 AM,58,33.894417,-118.307522
59,392024,LIFECARE HOSPITALS OF PITTSBURGH,225 PENN AVENUE,PITTSBURGH,PA,15221,Allegheny,(412) 247-2356,3,For profit,07/01/1993 12:00:00 AM,35,40.439753,-79.97659200000002
60,362004,DRAKE CENTER INC,151 WEST GALBRAITH ROAD,CINCINNATI,OH,45216,Hamilton,(513) 418-2500,5,Non-profit,07/01/1966 12:00:00 AM,108,39.139902,-84.506446
61,392039,SELECT SPECIALTY HOSPITAL - CENTRAL PA (CAMP HILL),"503 NORTH 21ST STREET, FIFTH FLOOR",CAMP HILL,PA,17011,Cumberland,(717) 972-4560,3,For profit,01/01/2002 12:00:00 AM,31,40.24217,-76.927397
62,342014,HIGHSMITH RAINEY MEMORIAL HOSPITAL,150 ROBESON STREET 4TH FLOOR,FAYETTEVILLE,NC,28301,Cumberland,(910) 609-6700,4,Non-profit,02/01/2003 12:00:00 AM,112,35.08511,-78.980263
63,362035,ACUITY SPECIALTY HOSPITAL OHIO VALLEY,"4697 HARRISON STREET, 2ND FLOOR",BELLAIRE,OH,43906,Belmont,(740) 671-2086,5,For profit,04/01/2006 12:00:00 AM,72,40.016511,-80.747334
64,352004,VIBRA HOSPITAL OF FARGO,1720 UNIVERSITY DRIVE SOUTH,FARGO,ND,58103,Cass,(701) 241-9099,8,For profit,10/02/1998 12:00:00 AM,31,46.865206,-96.829005
65,232037,SPARROW SPECIALTY HOSPITAL,"1215 E MICHIGAN AVE, 8W SPARROW HOSPITAL TOWER",LANSING,MI,48912,Ingham,(517) 364-6800,5,Non-profit,01/01/2005 12:00:00 AM,36,42.775263,-84.499222
66,052046,PROMISE HOSPITAL OF EAST LOS ANGELES,443 S SOTO STREET,LOS ANGELES,CA,90033,Los Angeles,(323) 261-1181,9,For profit,09/27/1995 12:00:00 AM,177,34.019394,-118.410825
67,112000,ROOSEVELT WARM SPRINGS LTAC HOSPITAL,"6135 ROOSEVELT HIGHWAY, P O BOX 280",WARM SPRINGS,GA,31830,Meriwether,(706) 655-5515,4,Government,07/01/1974 12:00:00 AM,32,32.88724000000001,-84.67864200000002
68,512003,CORNERSTONE HOSPITAL OF HUNTINGTON,"2900 FIRST AVENUE, 2E",HUNTINGTON,WV,25702,Cabell,(304) 399-2600,3,For profit,11/01/2005 12:00:00 AM,28,38.410651,-82.434689
69,232034,BORGESS PIPP HOSPITAL,411 NAOMI STREET,PLAINWELL,MI,49080,Allegan,(269) 685-0700,5,Non-profit,07/01/2003 12:00:00 AM,43,42.45200300000001,-85.65072099999998
70,452055,CORNERSTONE HOSPITAL MEDICAL CENTER,2001 HERMANN DRIVE,HOUSTON,TX,77004,Harris,(832) 649-6200,6,For profit,03/01/1997 12:00:00 AM,35,29.780472,-95.386342
71,132003,SOUTHWEST IDAHO ADVANCED CARE HOSPITAL,6651 WEST FRANKLIN ROAD,BOISE,ID,83709,Ada,(208) 685-2400,10,Non-profit,01/01/2009 12:00:00 AM,40,43.598488,-116.231084
72,192031,CORNERSTONE HOSPITAL WEST MONROE,6198 CYPRESS STREET,WEST MONROE,LA,71291,Ouachita,(318) 396-5600,6,For profit,01/01/2002 12:00:00 AM,47,32.51234,-92.15107
73,012012,"NOLAND HOSPITAL TUSCALOOSA II, LLC","809 UNIVERSITY BOULEVARD EAST, 4TH FLOOR",TUSCALOOSA,AL,35401,Tuscaloosa,(205) 759-7241,4,Non-profit,04/01/2005 12:00:00 AM,32,33.233083,-87.525798
74,452101,SOLARA HOSPITAL HARLINGEN,508 VICTORIA LANE,HARLINGEN,TX,78550,Cameron,(682) 831-9670,6,For profit,08/01/2007 12:00:00 AM,41,26.191204,-97.697383
75,342016,SELECT SPECIALTY HOSPITAL-WINSTON SALEM,3333 SILAS CREEK PARKWAY 6TH FLR,WINSTON SALEM,NC,27103,Forsyth,(901) 277-6970,4,Non-profit,12/03/2002 12:00:00 AM,52,36.130998,-80.66028100000003
76,062014,VIBRA HOSPITAL OF DENVER,8451 PEARL ST,THORNTON,CO,80229,Adams,(303) 288-3000,8,For profit,01/01/1999 12:00:00 AM,54,39.918037,-104.945448
77,192023,ST CATHERINE MEMORIAL HOSPITAL,14500 HAYNE BLVD,NEW ORLEANS,LA,70128,Orleans,(504) 210-3000,6,For profit,01/01/1999 12:00:00 AM,21,30.068636,-89.93900699999998
78,102013,KINDRED HOSPITAL-CENTRAL TAMPA,4801 N HOWARD AVE,TAMPA,FL,33603,Hillsborough,(813) 874-7575,4,For profit,03/17/1993 12:00:00 AM,102,27.970086,-82.47967299999998
79,142010,RML HEALTH PROVIDERS LIMITED PARTNERSHIP,5601 S COUNTY LINE RD,HINSDALE,IL,60521,DuPage,(630) 286-4000,5,Non-profit,06/01/1997 12:00:00 AM,189,41.800683,-87.928172
80,452059,LIFECARE HOSPITAL OF SAN ANTONIO,8902 FLOYD CURL DRIVE,SAN ANTONIO,TX,78240,Bexar,(210) 690-7000,6,For profit,09/01/1998 12:00:00 AM,62,29.472403000000003,-98.525142
81,452094,PAM SPECIALTY HOSPITAL OF VICTORIA NORTH,102 MEDICAL DRIVE,VICTORIA,TX,77904,Victoria,(361) 576-6200,6,Non-profit,09/01/2005 12:00:00 AM,26,28.826891,-96.985409
82,522005,LAKEVIEW SPECIALTY HOSPITAL  &  REHAB CENTER,1701 SHARP ROAD,WATERFORD,WI,53185,Racine,(262) 534-7297,5,For profit,10/01/1998 12:00:00 AM,39,42.7939,-88.250095
83,452035,MESA HILLS SPECIALTY HOSPITAL,2311 N OREGON STREET,EL PASO,TX,79902,El Paso,(915) 548-1823,6,For profit,06/01/1994 12:00:00 AM,32,31.949139,-106.528247
84,062011,CRAIG HOSPITAL,3425 S CLARKSON ST,ENGLEWOOD,CO,80113,Arapahoe,(303) 789-8000,8,Non-profit,10/01/1992 12:00:00 AM,93,39.646876,-104.994129
85,442014,SELECT SPECIALTY HOSPITAL MEMPHIS,5959 PARK AVENUE,MEMPHIS,TN,38119,Shelby,(901) 765-1245,4,For profit,12/01/1997 12:00:00 AM,30,35.103543,-89.978498
86,452090,PAM SPECIALTY HOSPITAL OF SAN ANTONIO,5418 N LOOP 1604 W,SAN ANTONIO,TX,78249,Bexar,(210) 921-3550,6,For profit,11/20/2003 12:00:00 AM,26,29.472403000000003,-98.525142
87,452067,PROMISE HOSPITAL OF DALLAS,7955 HARRY HINES BLVD,DALLAS,TX,75235,Dallas,(214) 637-0000,6,For profit,10/15/1996 12:00:00 AM,66,32.794176,-96.765503
88,212002,WESTERN MARYLAND CENTER,1500 PENNSYLVANIA AVENUE,HAGERSTOWN,MD,21742,Washington,(301) 745-4140,3,Government,07/01/1966 12:00:00 AM,123,39.640182,-77.722691
89,432002,SELECT SPECIALTY HOSPITAL - SIOUX FALLS,1305 WEST 18TH STREET,SIOUX FALLS,SD,57105,Minnehaha,(605) 312-9520,8,For profit,03/01/1998 12:00:00 AM,24,43.538335,-96.731998
90,362038,ADVANCED SPECIALTY HOSPITAL OF TOLEDO,1015 GARDEN LAKE PARKWAY,TOLEDO,OH,43614,Lucas,(419) 381-0037,5,For profit,03/01/2009 12:00:00 AM,40,41.664071,-83.581861
91,362029,REGENCY HOSPITAL OF CLEVELAND EAST,4200 INTERCHANGE CORPORATE CENTER ROAD,WARRENSVILLE HTS,OH,44128,Cuyahoga,(330) 861-2065,5,For profit,12/01/2002 12:00:00 AM,142,41.419775,-81.603942
92,422007,REGENCY HOSPITAL OF FLORENCE,"121 EAST CEDAR ST, 4TH FL",FLORENCE,SC,29501,Florence,(843) 661-3481,4,For profit,02/01/2002 12:00:00 AM,40,34.17756,-79.78259399999997
93,192040,"SOUTHEAST REGIONAL MEDICAL CENTER, INC",719 AVENUE G,KENTWOOD,LA,70444,Tangipahoa,(985) 229-9193,6,Non-profit,08/13/2001 12:00:00 AM,14,30.933755,-90.515162
94,102010,KINDRED HOSPITAL-SOUTH FLORIDA-FT LAUDERDALE,1516 E LAS OLAS BLVD,FORT LAUDERDALE,FL,33301,Broward,(954) 764-8900,4,For profit,12/20/1988 12:00:00 AM,249,26.141305,-80.143896
95,322003,"ALBUQUERQUE - AMG SPECIALTY HOSPITAL, LLC",5400 GIBSON BLVD SE 3RD FLOOR,ALBUQUERQUE,NM,87108,Bernalillo,(505) 842-5550,6,Government,06/01/1995 12:00:00 AM,25,35.105552,-106.647388
96,452080,KINDRED HOSPITAL SUGAR LAND,1550 FIRST COLONY BOULEVARD,SUGAR LAND,TX,77479,Fort Bend,(281) 275-6000,6,For profit,03/01/2003 12:00:00 AM,171,29.596927,-95.629429
97,452100,MESQUITE SPECIALTY HOSPITAL,1024  N GALLOWAY AVENUE,MESQUITE,TX,75149,Dallas,(972) 216-2300,6,Non-profit,06/01/2007 12:00:00 AM,40,32.763903000000006,-96.592426
98,042010,CORNERSTONE HOSPITAL LITTLE ROCK,"2 ST VINCENT CIRCLE, 6TH FLOOR",LITTLE ROCK,AR,72205,Pulaski,(501) 985-7467,6,For profit,06/01/2007 12:00:00 AM,40,34.725432,-92.358556
99,452066,PLUM CREEK SPECIALTY HOSPITAL,5601 PLUM CREEK DRIVE,AMARILLO,TX,79124,Potter,(806) 351-1000,6,For profit,01/01/1999 12:00:00 AM,47,35.197839,-101.828746
100,232020,MCLAREN BAY SPECIAL CARE,"3250 E MIDLAND RD, SUITE 1",BAY CITY,MI,48706,Bay,(989) 667-6802,5,Non-profit,01/01/1995 12:00:00 AM,31,43.590062,-83.888421
101,052031,BARLOW RESPIRATORY HOSPITAL,2000 STADIUM WAY,LOS ANGELES,CA,90026,Los Angeles,(213) 250-4200,9,Non-profit,09/01/1984 12:00:00 AM,99,34.019394,-118.410825
102,152012,KINDRED HOSPITAL NORTHWEST INDIANA,5454 HOHMAN AVE  5TH FL,HAMMOND,IN,46320,Lake,(219) 852-5305,5,For profit,09/01/1996 12:00:00 AM,70,41.621663,-87.494591
103,312017,SPECIALTY HOSPITAL OF CENTRAL JERSEY,"600 RIVER AVENUE,   4 WEST",LAKEWOOD,NJ,08701,Ocean,(732) 806-3207,2,For profit,11/01/2004 12:00:00 AM,50,40.093975,-74.211478
104,042012,BAPTIST HEALTH EXTENDED CARE HOSPITAL-LR INC,"9601 BAPTIST HEALTH DRIVE, 1OTH FLOOR",LITTLE ROCK,AR,72205,Pulaski,(501) 202-1070,6,Non-profit,10/01/2008 12:00:00 AM,55,34.781873,-92.234937
105,392025,POST ACUTE MED SPECIALTY  HOSPITAL OF WILKES-BARRE,"575 NORTH RIVER STREET, 7TH FLOOR",WILKES-BARRE,PA,18764,Luzerne,(570) 208-3310,3,For profit,01/01/1994 12:00:00 AM,67,41.233744,-75.85938
106,102015,KINDRED HOSPITAL-NORTH FLORIDA,801 OAK ST,GREEN COVE SPRINGS,FL,32043,Clay,(904) 284-9230,4,For profit,12/01/1994 12:00:00 AM,80,29.921663,-81.700061
107,452028,KINDRED HOSPITAL-TARRANT COUNTY,1000 N COOPER ST,ARLINGTON,TX,76011,Tarrant,(817) 543-0200,6,For profit,07/01/1993 12:00:00 AM,80,32.700708,-97.124691
108,182001,KINDRED HOSPITAL LOUISVILLE,1313 SAINT ANTHONY PLACE,LOUISVILLE,KY,40204,Jefferson,(502) 587-7001,4,Non-profit,10/01/1995 12:00:00 AM,367,38.178077,-85.666708
109,342015,CAROLINAS CONTINUECARE HOSPITAL AT PINEVILLE,"10648 PARK RD, 3RD FL",CHARLOTTE,NC,28210,Mecklenburg,(704) 379-5117,4,Non-profit,08/01/2003 12:00:00 AM,40,35.20870700000001,-80.83073900000002
110,052036,KINDRED HOSPITAL - SAN DIEGO,1940 EL CAJON BLVD,SAN DIEGO,CA,92104,San Diego,(619) 543-4500,9,For profit,06/01/1993 12:00:00 AM,70,32.8153,-117.134993
111,452114,ATRIUM MEDICAL CENTER,"11929 W AIRPORT BLVD, SUITE 110",STAFFORD,TX,77477,Fort Bend,(281) 207-8200,6,Physician,08/30/2007 12:00:00 AM,68,29.62573,-95.565703
112,112018,"LANDMARK HOSPITAL OF SAVANNAH, LLC",800 E 68TH STREET,SAVANNAH,GA,31405,Chatham,(573) 331-8420,4,For profit,11/26/2014 12:00:00 AM,50,32.002512,-81.15355699999998
113,422005,VIBRA HOSPITAL OF CHARLESTON,1200 HOSPITAL DRIVE,MOUNT PLEASANT,SC,29464,Charleston,(843) 881-4047,4,For profit,07/01/1999 12:00:00 AM,59,32.811987,-79.795941
114,342013,LIFECARE HOSPITALS OF NC,1031 NOELL LANE,ROCKY MOUNT,NC,27804,Nash,(252) 451-2300,4,For profit,07/01/2000 12:00:00 AM,50,35.968508,-77.80828299999997
115,522006,SELECT SPECIALTY HOSPITAL MILWAUKEE,8901 W LINCOLN AVE  2ND FLOOR,WEST ALLIS,WI,53227,Milwaukee,(414) 328-7700,5,For profit,10/31/1999 12:00:00 AM,63,43.007186,-88.028986
116,462005,UTAH VALLEY SPECIALTY HOSPITAL,306 WEST RIVER BEND LANE,PROVO,UT,84604,Utah,(801) 226-8880,8,For profit,07/01/2007 12:00:00 AM,40,40.24533,-111.644807
117,252007,SELECT SPECIALTY HOSPITAL JACKSON,5903 RIDGEWOOD ROAD,JACKSON,MS,39211,Hinds,(601) 899-3800,4,Non-profit,03/01/2003 12:00:00 AM,53,32.315831,-90.212823
118,222048,WHITTIER REHABILITATION HOSPITAL,150 FLANDERS ROAD,WESTBOROUGH,MA,01581,Worcester,(508) 871-2063,1,For profit,10/01/2005 12:00:00 AM,88,42.267441,-71.617492
119,192052,"SPECIALTY HOSPITAL OF WINNFIELD, INC",915 1ST STREET,WINNFIELD,LA,71483,Winn,(318) 648-3523,6,For profit,04/01/2005 12:00:00 AM,20,31.923927000000006,-92.642472
120,102023,SELECT SPECIALTY HOSPITAL-PALM BEACH,3060 MELALEUCA LANE,LAKE WORTH,FL,33461,Palm Beach,(561) 357-7200,4,For profit,12/01/2008 12:00:00 AM,60,26.61972,-80.058718
121,452038,TEXAS NEURO REHABILITATION CENTER,1106 W DITTMAR,AUSTIN,TX,78745,Travis,(512) 444-4835,6,Non-profit,07/01/1994 12:00:00 AM,47,30.307182,-97.755996
122,012014,NORTH ALABAMA SPECIALTY HOSPITAL,"700 WEST MARKET STREET, 2ND FLOOR",ATHENS,AL,35611,Limestone,(337) 269-9566,4,For profit,05/01/2016 12:00:00 AM,31,34.821342,-86.974753
123,392037,SELECT SPECIALTY HOSPITAL - ERIE,252 WEST 11TH STREET,ERIE,PA,16501,Erie,(814) 874-5300,3,For profit,06/01/2001 12:00:00 AM,50,42.116594,-80.073503
124,462003,SPECIALTY HOSPITAL OF UTAH,401 SOUTH 400 EAST,BOUNTIFUL,UT,84010,Davis,(801) 295-2361,8,Non-profit,04/01/1982 12:00:00 AM,16,40.872477,-111.86121
125,322002,KINDRED HOSPITAL  ALBUQUERQUE,700 HIGH STREET NE,ALBUQUERQUE,NM,87102,Bernalillo,(505) 242-4444,6,For profit,07/01/1994 12:00:00 AM,61,35.105552,-106.647388
126,102031,PROMISE HOSPITAL OF MIAMI,14001 NW 82ND AVENUE,MIAMI LAKES,FL,33016,Miami-Dade,(786) 609-9200,4,For profit,04/01/2016 12:00:00 AM,90,25.91684,-80.320545
127,232023,SELECT SPECIALTY HOSPITAL-MACOMB COUNTY,"215 NORTH AVE, SUITE 200",MOUNT CLEMENS,MI,48043,Macomb,(586) 307-9000,5,For profit,01/01/1999 12:00:00 AM,36,42.598055,-82.881506
128,192009,CURAHEALTH NEW ORLEANS,3601 COLISEUM STREET,NEW ORLEANS,LA,70115,Orleans,(504) 899-1555,6,For profit,06/01/1993 12:00:00 AM,168,30.068636,-89.93900699999998
129,492007,HOSPITAL FOR EXTENDED RECOVERY,600 GRESHAM DRIVE SUITE 700,NORFOLK,VA,23507,Norfolk City,(757) 388-1700,3,Non-profit,06/01/2002 12:00:00 AM,35,36.923015,-76.244641
130,362039,LIFE LINE HOSPITAL,200 SCHOOL STREET,WINTERSVILLE,OH,43953,Jefferson,(740) 346-2600,5,Non-profit,08/01/2010 12:00:00 AM,36,40.378012,-80.709918
131,452032,CORNERSTONE HOSPITAL HOUSTON- CLEAR LAKE,709 MEDICAL CENTER BLVD,WEBSTER,TX,77598,Harris,(713) 551-5300,6,For profit,01/01/1994 12:00:00 AM,148,29.532072,-95.116478
132,362025,COMMUNITY SPECIALTY HOSPITAL,"254 CLEVELAND AVENUE, 2ND FLOOR",AMHERST,OH,44001,Lorain,(440) 988-6141,5,Non-profit,10/01/2000 12:00:00 AM,30,41.405329,-82.231725
133,062012,COLORADO ACUTE LONG TERM HOSPITAL,1690 N MEADE ST,DENVER,CO,80204,Denver,(303) 264-6900,8,For profit,04/01/1994 12:00:00 AM,63,39.761849,-104.880625
134,282001,SELECT SPECIALTY HOSPITAL - OMAHA (CENTRAL CAMPUS),1870 SOUTH 75TH STREET,OMAHA,NE,68124,Douglas,(402) 361-5755,7,For profit,07/01/2000 12:00:00 AM,52,41.264675,-96.041927
135,452016,KINDRED HOSPITAL SAN ANTONIO,3636 MEDICAL DRIVE,SAN ANTONIO,TX,78229,Bexar,(210) 616-0616,6,For profit,02/08/1989 12:00:00 AM,59,29.596939000000006,-98.699284
136,452096,LAREDO SPECIALTY HOSPITAL LP,2005 BUSTAMANTE STREET,LAREDO,TX,78041,Webb,(956) 753-5353,6,For profit,02/01/2007 12:00:00 AM,60,27.547681,-99.486931
137,192048,NORTHSHORE SPECIALTY HOSPITAL,20050 CRESTWOOD BLVD,COVINGTON,LA,70433,St. Tammany,(985) 875-7525,6,For profit,01/30/2004 12:00:00 AM,58,30.480252,-90.112577
138,112016,"REGENCY HOSPITAL COMPANY OF MACON, LLC",535 COLISEUM DRIVE,MACON,GA,31217,Bibb,(478) 803-7300,4,For profit,11/01/2004 12:00:00 AM,34,32.960809000000005,-83.5318
139,032002,CURAHEALTH TUCSON,355 NORTH WILMOT ROAD,TUCSON,AZ,85711,Pima,(520) 584-4500,9,For profit,11/01/1994 12:00:00 AM,51,32.154289,-110.871062
140,052039,KINDRED HOSPITAL BREA,875 N BREA BLVD,BREA,CA,92821,Orange,(714) 529-6842,9,For profit,12/01/1995 12:00:00 AM,48,33.924523,-117.865201
141,342020,SELECT SPECIALTY HOSPITAL-GREENSBORO,"1200 NORTH ELM STREET, 5TH FLOOR",GREENSBORO,NC,27401,Guilford,(336) 832-7000,4,For profit,05/01/2010 12:00:00 AM,30,36.096483,-79.827108
142,452043,PINE VALLEY SPECIALTY HOSPITAL,6160 S LOOP EAST,HOUSTON,TX,77087,Harris,(713) 640-2400,6,For profit,09/01/1994 12:00:00 AM,59,29.780472,-95.386342
143,522008,SELECT SPECIALTY HOSPITAL MADISON,801 BRAXTON PLACE,MADISON,WI,53715,Dane,(608) 260-2700,5,For profit,06/01/2007 12:00:00 AM,23,43.097206,-89.36864
144,502002,KINDRED HOSPITAL-SEATTLE,10631 8TH AVE NE,SEATTLE,WA,98125,King,(206) 364-2050,10,For profit,01/01/1995 12:00:00 AM,80,47.620499,-122.350876
145,112014,REGENCY HOSPITAL OF SOUTH ATLANTA,1170 CLEVELAND AVE 4TH FLOOR,EAST POINT,GA,30344,Fulton,(404) 466-6264,4,For profit,03/01/2004 12:00:00 AM,40,33.66946,-84.47036
146,012013,"NOLAND HOSPITAL SHELBY II, LLC","1000 FIRST STREET, 3RD FLOOR",ALABASTER,AL,35007,Shelby,(205) 620-8641,4,Non-profit,03/01/2011 12:00:00 AM,52,33.214355,-86.82308
147,372023,MUSCOGEE (CREEK) NATION LONG TERM ACUTE CARE HOSPI,900 EAST AIRPORT ROAD,OKMULGEE,OK,74447,Okmulgee,(918) 756-9211,6,Tribal,10/25/2012 12:00:00 AM,4,35.647263,-96.032716
148,372019,CHG CORNERSTONE HOSPITAL OF OKLAHOMA - SHAWNEE,"1900 GORDON COOPER DRIVE, 2ND FLOOR",SHAWNEE,OK,74801,Pottawatomie,(405) 395-5800,6,For profit,09/01/2005 12:00:00 AM,34,35.30768300000001,-96.945238
149,362028,LIFE CARE HOSPITALS OF DAYTON,4000 MIAMISBURG-CENTERVILLE ROAD,MIAMISBURG,OH,45342,Montgomery,(937) 384-8300,5,Non-profit,09/01/2001 12:00:00 AM,33,39.630938,-84.270742
150,192028,PROMISE HOSPITAL OF MISS LOU,209 FRONT STREET,VIDALIA,LA,71373,Concordia,(318) 336-6500,6,For profit,01/01/2001 12:00:00 AM,40,31.566753,-91.440443
151,452110,ETHICUS HOSPITAL - GRAPEVINE,4201 WILLIAM D TATE AVENUE,GRAPEVINE,TX,76051,Tarrant,(817) 288-1300,6,For profit,09/01/2008 12:00:00 AM,60,32.934107,-97.076533
152,452071,KINDRED HOSPITAL-WHITE ROCK,9440 POPPY DRIVE 5TH FLOOR,DALLAS,TX,75218,Dallas,(214) 324-6730,6,For profit,07/29/2000 12:00:00 AM,25,32.794176,-96.765503
153,312020,KINDRED HOSPITAL NEW JERSEY - MORRIS COUNTY,400 WEST BLACKWELL STREET,DOVER,NJ,07801,Morris,(973) 537-3816,2,For profit,03/01/2005 12:00:00 AM,117,40.985758,-74.74359
154,192010,"PROMISE HOSPITAL OF LOUISIANA, INC",1800 IRVING PLACE,SHREVEPORT,LA,71101,Caddo,(318) 425-4096,6,For profit,01/01/1994 12:00:00 AM,196,32.46702,-93.792684
155,112009,SELECT SPECIALTY HOSPITAL - ATLANTA,"550 PEACHTREE STREET NE, 7TH FLOOR",ATLANTA,GA,30308,Fulton,(404) 686-2270,4,For profit,01/01/1999 12:00:00 AM,30,33.762909,-84.422675
156,442015,SELECT SPECIALTY HOSPITAL-NORTH KNOXVILLE,7557 B DANNAHER DRIVE SUITE 145,POWELL,TN,37849,Knox,(865) 545-7370,4,For profit,01/01/1999 12:00:00 AM,33,35.184424,-85.484611
157,422004,SPARTANBURG HOSP FOR RESTORATIVE CARE,389 SERPENTINE DR,SPARTANBURG,SC,29303,Spartanburg,(864) 560-3235,4,Government,10/01/1996 12:00:00 AM,97,34.942294,-81.926907
158,112010,KINDRED HOSPITAL ROME,320 TURNER MCCALL BOULEVARD,ROME,GA,30165,Floyd,(706) 509-4100,4,For profit,07/01/2001 12:00:00 AM,45,34.231056,-85.22521400000002
159,382004,VIBRA SPECIALTY HOSPITAL OF PORTLAND,10300 NE HANCOCK STREET,PORTLAND,OR,97220,Multnomah,(503) 257-5500,10,For profit,02/01/2008 12:00:00 AM,73,45.536951,-122.649971
160,162001,SELECT SPECIALTY HOSPITAL - QUAD CITIES,1111 WEST KIMBERLY ROAD,DAVENPORT,IA,52806,Scott,(563) 468-2000,7,For profit,02/01/2007 12:00:00 AM,50,41.554104,-90.603997
161,332022,TERENCE CARDINAL COOKE HEALTH CARE CENTER,1249 FIFTH AVENUE,NEW YORK,NY,10029,New York,(212) 360-3600,2,Non-profit,06/05/1980 12:00:00 AM,50,40.664274,-73.9385
162,522004,PAM SPECIALTY HOSPITAL OF MILWAUKEE,5017 S 110TH ST,GREENFIELD,WI,53228,Milwaukee,(414) 427-8282,5,For profit,10/01/1994 12:00:00 AM,62,42.960604,-88.00567
163,452082,DUBUIS HOSPITAL OF PARIS,820 CLARKSVILLE ST 6TH FLOOR,PARIS,TX,75460,Lamar,(903) 782-2961,6,Non-profit,05/01/2003 12:00:00 AM,25,33.66179,-95.524366
164,102020,SELECT SPECIALTY HOSPITAL - TALLAHASSEE,1554 SURGEONS DR,TALLAHASSEE,FL,32308,Leon,(850) 219-6800,4,For profit,03/01/2008 12:00:00 AM,29,30.43604,-84.28370799999998
165,452107,CORNERSTONE HOSPITAL CONROE,1500 GRAND LAKE DRIVE,CONROE,TX,77304,Montgomery,(682) 831-9670,6,For profit,11/13/2007 12:00:00 AM,41,30.316017,-95.469993
166,362036,REGENCY HOSPITAL OF TOLEDO,5220 WEST ALEXIS ROAD,SYLVANIA,OH,43560,Lucas,(419) 318-5700,5,For profit,01/01/2008 12:00:00 AM,45,41.710596,-83.70615
167,392050,GOOD SHEPHERD PENN PARTNERS,1800 LOMBARD STREET,PHILADELPHIA,PA,19146,Philadelphia,(215) 893-2548,3,Non-profit,04/01/2009 12:00:00 AM,38,40.009376,-75.133346
168,392048,LIFECARE HOSPITALS OF CHESTER COUNTY,400 EAST MARSHAL STREET,WEST CHESTER,PA,19380,Chester,(484) 826-0400,3,For profit,04/01/2006 12:00:00 AM,39,39.95988300000001,-75.60542199999998
169,052043,KENTFIELD HOSPITAL,1125 SIR FRANCIS DRAKE BLVD,KENTFIELD,CA,94904,Marin,(415) 456-9680,9,For profit,07/01/1999 12:00:00 AM,120,37.935426,-122.558794
170,392046,KINDRED HOSPITAL SOUTH PHILADELPHIA,1930 SOUTH BROAD STREET UNIT #12,PHILADELPHIA,PA,19145,Philadelphia,(267) 570-5200,3,For profit,01/01/2005 12:00:00 AM,58,40.009376,-75.133346
171,052054,MONROVIA MEMORIAL HOSPITAL,323 SOUTH HELIOTROPE AVENUE,MONROVIA,CA,91016,Los Angeles,(626) 359-9341,9,For profit,05/01/2009 12:00:00 AM,49,34.123435,-117.99586
172,132002,VIBRA HOSPITAL OF BOISE,2131 SOUTH BONITO WAY,MERIDIAN,ID,83642,Ada,(208) 489-9500,10,Non-profit,02/01/2009 12:00:00 AM,60,43.617852,-116.397129
173,252003,SELECT SPECIALTY HOSPITAL - BELHAVEN,1225 NORTH STATE STREET,JACKSON,MS,39202,Hinds,(601) 968-1050,4,Non-profit,08/17/1993 12:00:00 AM,25,32.315831,-90.212823
174,502001,REGIONAL HOSPITAL FOR RESPIRATORY AND COMPLEX CARE,16251 SYLVESTER SW ROAD,BURIEN,WA,98166,King,(206) 248-4548,10,Non-profit,07/01/1994 12:00:00 AM,40,47.46917,-122.364291
175,102018,COMPLEX CARE HOSPITAL AT RIDGELAKE,6150 EDGELAKE DR,SARASOTA,FL,34240,Sarasota,(941) 342-3200,4,Non-profit,04/01/2006 12:00:00 AM,40,27.370144,-82.51818399999998
176,112004,"SELECT SPECIALTY HOSPITAL - MIDTOWN ATLANTA, LLC","705 JUNIPER STREET, NE",ATLANTA,GA,30308,Fulton,(404) 873-2871,4,For profit,04/30/1991 12:00:00 AM,72,33.762909,-84.422675
177,452044,LIFECARE HOSPITALS OF DALLAS,1950 RECORD CROSSING,DALLAS,TX,75235,Dallas,(214) 525-6300,6,For profit,09/16/1994 12:00:00 AM,206,32.794176,-96.765503
178,362021,KINDRED HOSPITAL CENTRAL OHIO,"335 GLESSNER AVENUE, 5TH FLOOR",MANSFIELD,OH,44903,Richland,(419) 526-0777,5,For profit,06/01/1999 12:00:00 AM,33,40.76672,-82.53081999999998
179,142009,THC CHICAGO INC DBA KINDRED CHICAGO,4058 W MELROSE,CHICAGO,IL,60641,Cook,(773) 736-7000,5,For profit,07/04/1994 12:00:00 AM,94,41.837551,-87.681844
180,112005,SELECT SPECIALTY HOSPITAL - NORTHEAST ATLANTA,1821 CLIFTON ROAD NE,ATLANTA,GA,30329,DeKalb,(404) 728-6200,4,Non-profit,04/01/1994 12:00:00 AM,18,33.762909,-84.422675
181,222003,TEWKSBURY HOSPITAL,365 EAST STREET,TEWKSBURY,MA,01876,Middlesex,(978) 851-7321,1,Government,07/01/1966 12:00:00 AM,760,42.612088,-71.227845
182,362020,KINDRED HOSPITAL LIMA,730 W MARKET ST,LIMA,OH,45801,Allen,(419) 224-1888,5,For profit,02/01/1999 12:00:00 AM,12,40.740679,-84.112091
183,452102,COVENANT SPECIALTY HOSPITAL,3815 20TH STREET,LUBBOCK,TX,79410,Lubbock,(806) 725-9200,6,For profit,10/01/2007 12:00:00 AM,56,33.576051,-101.886689
184,442006,CURAHEALTH NASHVILLE,"1412 COUNTY HOSPITAL ROAD, B-1",NASHVILLE,TN,37218,Davidson,(615) 687-2600,4,For profit,07/01/1987 12:00:00 AM,60,36.1718,-86.785002
185,442017,REGIONAL ONE HEALTH EXTENDED CARE HOSPITAL,"890 MADISON AVENUE, 4TH FLOOR",MEMPHIS,TN,38103,Shelby,(901) 513-3000,4,Non-profit,02/03/2014 12:00:00 AM,24,35.103543,-89.978498
186,452118,HOUSTON METHODIST ST CATHERINE HOSPITAL,701 S FRY ROAD,KATY,TX,77450,Harris,(281) 599-5700,6,Non-profit,08/01/2014 12:00:00 AM,102,29.791342,-95.827009
187,312018,"CARE ONE AT RARITAN BAY MEDICAL CENTER, LLC","530 NEW BRUNSWICK AVENUE, 2ND FLOOR GREEN",PERTH AMBOY,NJ,08861,Middlesex,(732) 324-6090,2,For profit,11/01/2004 12:00:00 AM,51,40.52016,-74.271331
188,452022,SELECT SPECIALTY HOSPITAL-DALLAS,2329 PARKER ROAD,CARROLLTON,TX,75010,Denton,(972) 884-2407,6,Non-profit,11/30/1991 12:00:00 AM,60,32.98836,-96.89977
189,232032,SELECT SPECIALTY HOSPITAL-NORTHWEST DETROIT,"6071 WEST OUTER DRIVE, 7TH FLOOR",DETROIT,MI,48235,Wayne,(313) 966-3939,5,For profit,09/01/2002 12:00:00 AM,36,42.383037,-83.102237
190,362007,EDEN SPRINGS HEALTHCARE CENTER LLC,401 NORTH BROADWAY STREET,GREEN SPRINGS,OH,44836,Seneca,(419) 639-2626,5,Non-profit,07/01/1966 12:00:00 AM,36,41.262523,-83.05289499999998
191,452079,KINDRED HOSPTIAL EL PASO,1740 CURIE DRIVE,EL PASO,TX,79902,El Paso,(915) 351-9044,6,For profit,02/28/2002 12:00:00 AM,72,31.84836,-106.426979
192,372018,PAM SPECIALTY HOSPITAL OF TULSA,3219 SOUTH 79TH EAST AVENUE,TULSA,OK,74145,Tulsa,(918) 663-8183,6,For profit,10/01/2004 12:00:00 AM,60,36.401111,-95.902149
193,312019,SELECT SPECIALTY HOSPITAL NORTHEAST,96 PARKWAY,ROCHELLE PARK,NJ,07662,Bergen,(201) 221-2352,2,Non-profit,11/01/2004 12:00:00 AM,62,40.906496,-74.078005
194,362024,SELECT SPECIALTY HOSPITAL - YOUNGSTOWN,1044 BELMONT AVE,YOUNGSTOWN,OH,44501,Mahoning,(330) 841-4750,5,For profit,06/23/1999 12:00:00 AM,31,41.099095,-80.645902
195,152014,SELECT SPECIALTY HOSPITAL-EVANSVILLE,400  SE 4TH ST,EVANSVILLE,IN,47713,Vanderburgh,(812) 421-2330,5,For profit,01/01/1997 12:00:00 AM,60,37.987734,-87.53470300000002
196,172005,SELECT SPECIALTY HOSPITAL OF KS CITY,1731 NORTH 90TH STREET,KANSAS CITY,KS,66112,Wyandotte,(913) 732-5930,7,For profit,04/30/1996 12:00:00 AM,40,37.072499,-97.038436
197,262014,SELECT SPECIALTY HOSPITAL - WESTERN MISSOURI,"2316 EAST MEYER BOULEVARD, 3-WEST",KANSAS CITY,MO,64132,Jackson,(816) 276-9444,7,For profit,08/18/2005 12:00:00 AM,34,39.125212,-94.551136
198,262016,"LANDMARK HOSPITAL OF JOPLIN, LLC",2040 W 32ND STREET,JOPLIN,MO,64804,Jasper,(417) 627-1309,7,For profit,12/01/2007 12:00:00 AM,30,37.077509,-94.502262
199,262010,KINDRED HOSPITAL - ST LOUIS,4930 LINDELL BOULEVARD,SAINT LOUIS,MO,63108,St. Louis City,(314) 361-8700,7,For profit,08/30/1991 12:00:00 AM,60,38.635699,-90.244582
200,142008,THC CHICAGO INC DBA KINDRED HOSP CHGO,365 E NORTH AVE,NORTHLAKE,IL,60164,Cook,(773) 267-2620,5,For profit,02/01/1992 12:00:00 AM,258,41.914317,-87.90547099999998
201,162003,SELECT SPECIALTY HOSPITAL - DES MOINES,"1111 6TH AVENUE, 4TH FLOOR MAIN",DES MOINES,IA,50314,Polk,(515) 247-4400,7,For profit,01/01/2015 12:00:00 AM,30,41.573946,-93.616708
202,042006,SELECT SPECIALITY HOSPITAL-FORT SMITH INC,1001 TOWSON AVENUE,FORT SMITH,AR,72901,Sebastian,(479) 441-3960,6,For profit,09/01/2001 12:00:00 AM,34,35.349276,-94.370883
203,452068,PROMISE HOSPITAL OF WICHITA FALLS,1103 GRACE STREET,WICHITA FALLS,TX,76301,Wichita,(940) 763-7901,6,For profit,04/29/1998 12:00:00 AM,31,33.906699,-98.525854
204,062016,KINDRED HOSPITAL-COLORADO SPRINGS,"6001 EAST WOODMEN ROAD,  6TH FLOOR",COLORADO SPRINGS,CO,80923,El Paso,(719) 571-6101,8,For profit,02/01/2002 12:00:00 AM,30,38.864609,-104.785818
205,232035,SELECT SPECIALTY HOSPITAL- BATTLE CREEK,300 NORTH AVENUE 6TH FLOOR,BATTLE CREEK,MI,49016,Calhoun,(269) 245-4675,5,Non-profit,06/01/2003 12:00:00 AM,25,42.299176,-85.22926700000002
206,052038,KINDRED HOSPITAL -- LA MIRADA,14900 E IMPERIAL HWY,LA MIRADA,CA,90638,Los Angeles,(562) 944-1900,9,For profit,11/01/1995 12:00:00 AM,277,33.902045,-118.008961
207,182009,CONTINUECARE HOSPITAL AT BAPTIST HLTH MADISONVILLE,"900 HOSPITAL DRIVE, 4TH FLOOR",MADISONVILLE,KY,42431,Hopkins,(270) 415-7794,4,Non-profit,04/01/2016 12:00:00 AM,35,37.341036,-87.503475
208,452092,PAM SPECIALTY HOSPITAL OF  CORPUS CHRISTI SOUTH,6226 SARATOGA BOULEVARD,CORPUS CHRISTI,TX,78414,Nueces,(361) 986-1600,6,For profit,05/01/2005 12:00:00 AM,74,27.754252,-97.173385
209,392033,GOOD SHEPHERD SPECIALTY HOSPITAL,2545 SCHOENERSVILLE ROAD,BETHLEHEM,PA,18017,Lehigh,(484) 884-5051,3,Non-profit,07/01/2000 12:00:00 AM,32,40.626424,-75.367898
210,222023,WESTERN MASSACHUSETTS HOSPITAL,91 EAST MOUNTAIN ROAD,WESTFIELD,MA,01085,Hampden,(413) 562-4131,1,Government,07/01/1966 12:00:00 AM,102,42.138838,-72.755911
211,292002,KINDRED HOSPITAL - LAS VEGAS (SAHARA CAMPUS),5110 W SAHARA AVE,LAS VEGAS,NV,89146,Clark,(702) 835-2926,9,For profit,09/01/1994 12:00:00 AM,146,36.227712,-115.264045
212,192007,LOUISIANA CONTINUING CARE HOSPITAL,1101 MEDICAL CENTER BLVD 7TH FLOOR,MARRERO,LA,70072,Jefferson,(504) 349-2584,6,For profit,06/01/1992 12:00:00 AM,44,29.886163,-90.113263
213,012010,"NOLAND HOSPITAL DOTHAN II, LLC","1108 ROSS CLARK CIRCLE, 4TH FLOOR",DOTHAN,AL,36302,Houston,(334) 699-4300,4,Non-profit,10/01/2004 12:00:00 AM,35,31.233698,-85.406823
214,452062,WARM SPRING SPECIALITY HOSPTIAL AT LULING,200 MEMORIAL DRIVE,LULING,TX,78648,Caldwell,(512) 672-6592,6,For profit,09/01/1998 12:00:00 AM,34,29.754437,-97.528816
215,372016,INTEGRIS BASS PAVILION,401 SOUTH THIRD STREET,ENID,OK,73701,Garfield,(580) 249-4260,6,Non-profit,12/01/2001 12:00:00 AM,24,36.386351,-97.873228
216,192051,COVINGTON - A M G SPECIALTY HOSPITAL,195 HIGHLAND PARK ENTRANCE,COVINGTON,LA,70433,St. Tammany,(985) 867-3977,6,For profit,11/01/2004 12:00:00 AM,38,30.480252,-90.112577
217,112003,SHEPHERD CENTER,2020 PEACHTREE RD NW,ATLANTA,GA,30309,Fulton,(404) 352-7311,4,Non-profit,04/01/1984 12:00:00 AM,132,33.762909,-84.422675
218,192006,CORNERSTONE HOSPITAL OF BOSSIER CITY,4900 MEDICAL DRIVE,BOSSIER CITY,LA,71112,Bossier,(318) 747-9500,6,For profit,09/30/1991 12:00:00 AM,62,32.523661,-93.65559
219,452088,KINDRED HOSPITAL FORT WORTH,815 EIGHTH AVENUE,FORT WORTH,TX,76104,Tarrant,(817) 332-4812,6,For profit,12/01/2003 12:00:00 AM,67,32.779542,-97.346335
220,252006,REGENCY HOSPITAL OF MERIDIAN,"1102 CONSTITUTION AVENUE, 2ND FLOOR",MERIDIAN,MS,39301,Lauderdale,(601) 484-7900,4,For profit,08/01/2003 12:00:00 AM,40,32.548645,-88.607414
221,232036,HENRY FORD ALLEGIANCE CARELINK,110 N ELM AVENUE,JACKSON,MI,49202,Jackson,(517) 796-4426,5,Non-profit,03/01/2004 12:00:00 AM,64,42.243454,-84.402254
222,292006,COMPLEX CARE HOSPITAL AT TENAYA,2500 TENAYA WAY,LAS VEGAS,NV,89128,Clark,(702) 562-2021,9,For profit,01/01/2002 12:00:00 AM,70,36.227712,-115.264045
223,192008,BATON ROUGE - A M G SPECIALTY HOSPITAL,8375 FLORIDA BLVD,DENHAM SPRINGS,LA,70726,Livingston,(225) 665-2664,6,For profit,01/01/1993 12:00:00 AM,59,30.474329,-90.959027
224,252004,"SPECIALITY HOSPITAL OF MERIDIAN,THE",1314 19TH AVENUE,MERIDIAN,MS,39301,Lauderdale,(601) 703-4211,4,Non-profit,05/01/1995 12:00:00 AM,49,32.548645,-88.607414
225,152013,KINDRED HOSPITAL INDIANAPOLIS NORTH,8060 KNUE ROAD,INDIANAPOLIS,IN,46250,Marion,(317) 813-8900,5,For profit,09/01/1996 12:00:00 AM,45,39.776664,-86.145935
226,092002,BRIDGEPOINT HOSPITAL CAPITOL HILL,700 CONSTITUTION AVENUE NE,WASHINGTON,DC,20002,District Of Columbia,(202) 675-0400,3,For profit,02/01/1996 12:00:00 AM,60,38.904149,-77.017094
227,352005,VIBRA HOSPITAL OF CENTRAL DAKOTAS,1000 18TH STREET NW,MANDAN,ND,58554,Morton,(701) 667-2000,8,Non-profit,09/01/1998 12:00:00 AM,41,46.827403,-100.884523
228,222025,PAPPAS REHABILITATION HOSPITAL FOR CHILDREN,3 RANDOLPH STREET,CANTON,MA,02021,Norfolk,(617) 828-2440,1,Government,12/18/1974 12:00:00 AM,239,42.175737,-71.125385
229,342019,CAROLINAS CONTINUECARE AT KINGS MOUNTAIN,706 WEST KING STREET 2ND FLOOR,KINGS MOUNTAIN,NC,28086,Gaston,(980) 487-5520,4,Non-profit,01/01/2010 12:00:00 AM,41,35.23511,-81.34756800000002
230,242004,HEALTHEAST BETHESDA HOSPITAL,559 CAPITOL BOULEVARD,SAINT PAUL,MN,55103,Ramsey,(651) 232-2185,5,Non-profit,01/20/1989 12:00:00 AM,254,45.374876,-93.006175
231,452121,CONTINUECARE HOSPITAL AT MEDICAL CENTER ODESSA,"500 WEST  4TH STREET , 4TH FLOOR",ODESSA,TX,79761,Ector,(972) 943-6488,6,Non-profit,02/01/2016 12:00:00 AM,25,31.838248,-102.500139
232,442007,KINDRED HOSPITAL - CHATTANOOGA,709 WALNUT STREET,CHATTANOOGA,TN,37402,Hamilton,(423) 266-7721,4,For profit,10/01/1993 12:00:00 AM,49,35.066463,-85.247065
233,242005,REGENCY HOSPITAL OF MINNEAPOLIS LLC,1300 HIDDEN LAKES PARKWAY,GOLDEN VALLEY,MN,55422,Hennepin,(763) 302-8301,5,For profit,06/01/1995 12:00:00 AM,92,44.990233,-93.358736
234,102016,SISTER EMMANUEL HOSPITAL,"3663 S MIAMI AVE, 4TH FLOOR",MIAMI,FL,33133,Miami-Dade,(305) 285-2939,4,For profit,02/01/2004 12:00:00 AM,29,25.901064,-80.168458
235,112013,"SELECT SPECIALTY HOSPITAL - AUGUSTA, INC",1537 WALTON WAY,AUGUSTA,GA,30904,Richmond,(706) 731-1200,4,For profit,04/01/2004 12:00:00 AM,30,33.365531,-82.073422
236,072006,"STATE OF CONNECTICUT, DEPT OF VETERANS' AFFAIRS",287 WEST STREET,ROCKY HILL,CT,06067,Hartford,(860) 529-2571,1,Government,07/01/1966 12:00:00 AM,300,41.656624,-72.66177900000002
237,362014,HEATHER HILL CARE COMMUNITIES,12340 BASS LAKE ROAD,CHARDON,OH,44024,Geauga,(440) 279-2443,5,Non-profit,03/28/1990 12:00:00 AM,56,41.618039,-81.24996
238,012008,SELECT SPECIALTY HOSPITAL - BIRMINGHAM,"2010 BROOKWOOD MEDICAL CENTER DRIVE, 3RD FLOOR",BIRMINGHAM,AL,35209,Jefferson,(205) 599-4595,4,For profit,09/01/2001 12:00:00 AM,38,33.527444,-86.799047
239,372022,CORNERSTONE HOSPITAL OF OKLAHOMA- MUSKOGEE,351 SOUTH 40TH STREET,MUSKOGEE,OK,74401,Muskogee,(918) 682-6161,6,For profit,07/01/2007 12:00:00 AM,64,35.741355,-95.360154
240,112011,"SELECT SPECIALTY HOSPITAL - SAVANNAH, INC",5353 REYNOLDS STREET 4 SOUTH,SAVANNAH,GA,31405,Chatham,(912) 819-7986,4,Non-profit,05/01/2003 12:00:00 AM,40,32.002512,-81.15355699999998
241,362032,ACUTE CARE SPECIALTY HOSPITAL - AULTMAN,2000 SIXTH STREET,CANTON,OH,44710,Stark,(330) 363-4000,5,Non-profit,10/01/2004 12:00:00 AM,30,40.80765,-81.367228
242,342012,KINDRED HOSPITAL GREENSBORO,2401 SOUTHSIDE BLVD,GREENSBORO,NC,27406,Guilford,(336) 271-2800,4,For profit,02/01/1994 12:00:00 AM,101,36.096483,-79.827108
243,392027,KINDRED HOSPITAL PHILADELPHIA,6129 PALMETTO STREET,LAWNCREST,PA,19111,Philadelphia,(215) 722-8555,3,For profit,10/01/1995 12:00:00 AM,52,40.009376,-75.133346
244,292008,CARSON TAHOE CONTINUING CARE HOSPITAL,775 FLEISCHMANN WAY 2ND FLR,CARSON CITY,NV,89703,Carson City,(775) 445-7783,9,Non-profit,03/01/2009 12:00:00 AM,29,39.153447,-119.743442
245,392045,"SELECT SPECIALTY HOSPITAL - MCKEESPORT, INC",1500 FIFTH AVENUE,MC KEESPORT,PA,15132,Allegheny,(412) 664-2900,3,Non-profit,09/01/2004 12:00:00 AM,30,40.338789,-79.796072
246,362037,SELECT SPECIALTY HOSPITAL COLUMBUS,1430 SOUTH HIGH STREET,COLUMBUS,OH,43207,Franklin,(614) 456-0339,5,For profit,07/01/2008 12:00:00 AM,43,39.984799,-82.98504399999999
247,172003,WICHITA-AMG SPECIALTY HOSPITAL,8080 E PAWNEE,WICHITA,KS,67207,Sedgwick,(316) 682-0004,7,For profit,12/01/1993 12:00:00 AM,26,37.690694,-97.342678
248,192041,ZACHARY - A M G SPECIALTY HOSPITAL,"4601 MCHUGH ROAD, BLDG B",ZACHARY,LA,70791,East Baton Rouge,(225) 683-1600,6,For profit,01/10/2003 12:00:00 AM,16,30.662578000000003,-91.158133
249,182003,SELECT SPECIALTY HOSPITAL LEXINGTON,310 SOUTH LIMESTONE STREET 3RD FLOOR,LEXINGTON,KY,40509,Fayette,(859) 226-7178,4,For profit,06/01/2003 12:00:00 AM,41,38.040157,-84.458443
250,192033,P A M SPECIALTY HOSPITAL OF LAFAYETTE,204 ENERGY PARKWAY,LAFAYETTE,LA,70508,Lafayette,(337) 232-1905,6,For profit,01/01/2002 12:00:00 AM,50,30.211573,-92.031394
251,052052,KINDRED HOSPITAL RIVERSIDE,2224 MEDICAL CENTER DRIVE,PERRIS,CA,92571,Riverside,(951) 436-3535,9,For profit,01/01/2008 12:00:00 AM,40,33.789404,-117.221323
252,462006,"LANDMARK HOSPITAL OF SALT LAKE CITY, LLC",4252 S BIRKHILL BOULEVARD,MURRAY,UT,84107,Salt Lake,(801) 268-5400,8,For profit,02/01/2014 12:00:00 AM,38,40.650585,-111.886519
253,222006,LEMUEL SHATTUCK HOSPITAL,170 MORTON STREET,JAMAICA PLAIN,MA,02130,Suffolk,(617) 522-8110,1,Government,07/01/1966 12:00:00 AM,260,42.33196,-71.020173
254,102012,SPECIALTY HOSPITAL JACKSONVILLE,4901 RICHARD ST,JACKSONVILLE,FL,32207,Duval,(904) 737-3120,4,Non-profit,05/01/1993 12:00:00 AM,107,30.339552,-81.39666899999997
255,452119,SELECT SPECIALTY HOSPITAL DALLAS DOWNTOWN,3500 GASTON AVENUE 3RD AND 4TH FLOORS,DALLAS,TX,75246,Dallas,(972) 227-0093,6,For profit,11/01/2015 12:00:00 AM,46,32.794176,-96.765503
256,232024,SELECT SPECIALTY HOSPITAL-ANN ARBOR,"5301 E HURON RIVER DR, 7TH FL",YPSILANTI,MI,48197,Washtenaw,(734) 712-0500,5,For profit,05/01/1999 12:00:00 AM,36,42.243216,-83.62198199999997
257,232031,"SELECT SPECIALTY HOSPITAL-WYANDOTTE, LLC","2333 BIDDLE AVENUE, 8TH FLOOR",WYANDOTTE,MI,48192,Wayne,(313) 375-7075,5,For profit,09/28/2001 12:00:00 AM,40,42.211157,-83.15656
258,192049,"PROMISE HOSPITAL OF BATON ROUGE, INC",17000 MEDICAL CENTER DR 3RD FLOOR,BATON ROUGE,LA,70816,East Baton Rouge,(225) 236-5440,6,For profit,01/01/2004 12:00:00 AM,57,30.448454,-91.125899
259,262019,MOSIAC LIFE CARE AT ST JOSEPH,5325 FARAON STREET,SAINT JOSEPH,MO,64506,Buchanan,(816) 271-6480,7,Non-profit,10/02/2009 12:00:00 AM,41,39.889405,-94.892276
260,452075,KINDRED HOSPITAL CLEAR LAKE,350 BLOSSOM ST,WEBSTER,TX,77598,Harris,(281) 316-7800,6,For profit,09/01/2000 12:00:00 AM,147,29.532072,-95.116478
261,062013,KINDRED HOSPITAL AURORA,700 POTOMAC ST 2ND FLOOR,AURORA,CO,80011,Adams,(720) 857-8333,8,For profit,05/01/1998 12:00:00 AM,37,39.688002,-104.68974
262,372011,"TULSA-AMG SPECIALTY HOSPITAL, LLC","2408 E 81ST STREET, STE 2800",TULSA,OK,74137,Tulsa,(918) 710-3620,6,For profit,05/08/1997 12:00:00 AM,40,36.127949,-95.902316
263,012011,"NOLAND HOSPITAL ANNISTON II, LLC","400 EAST 10TH STREET, 4TH FLOOR",ANNISTON,AL,36202,Calhoun,(256) 741-6141,4,Non-profit,07/21/2004 12:00:00 AM,38,33.67344,-85.810918
264,042004,CHRISTUS DUBUIS HOSPITAL OF HOT SPRINGS,"300 WERNER STREET, 3RD FLOOR",HOT SPRINGS,AR,71913,Garland,(501) 609-4333,6,Non-profit,10/01/1999 12:00:00 AM,27,34.494338,-93.047883
265,222043,VIBRA HOSPITAL OF SOUTHEASTERN MASSACHUSETTS,4499 ACUSHNET AVENUE,NEW BEDFORD,MA,02745,Bristol,(508) 995-6900,1,For profit,01/01/1993 12:00:00 AM,90,41.661303,-70.937913
266,442011,SELECT SPECIALTY HOSPITAL-NASHVILLE,2000 HAYES STREET,NASHVILLE,TN,37203,Davidson,(615) 284-4599,4,For profit,05/01/1996 12:00:00 AM,70,36.1718,-86.785002
267,262018,KINDRED HOSPITAL NORTHLAND,500 NW 68TH STREET,KANSAS CITY,MO,64118,Clay,(816) 420-6300,7,For profit,05/06/2008 12:00:00 AM,35,39.139536,-94.564736
268,252012,"REGENCY HOSPITAL OF JACKSON, LLC","969 LAKELAND DRIVE, 6TH FLOOR",JACKSON,MS,39216,Hinds,(601) 364-6200,4,For profit,10/01/2006 12:00:00 AM,36,32.315831,-90.212823
269,452042,CHRISTUS DUBUIS HOSPITAL OF BEAUMONT,2830 CALDER AVENUE 4TH FLOOR,BEAUMONT,TX,77702,Jefferson,(409) 899-7680,6,Non-profit,07/01/1994 12:00:00 AM,53,30.084343,-94.145774
270,142013,GREATER PEORIA SPECIALTY HOSPITAL,500 W ROMEO B GARRETT AVENUE,PEORIA,IL,61605,Peoria,(309) 680-1500,5,Non-profit,05/01/2010 12:00:00 AM,50,40.636584,-89.635871
271,452033,TEXAS CENTER FOR INFECTIOUS DISEASE,2303 SE MILITARY DR P O BOX 23340,SAN ANTONIO,TX,78223,Bexar,(210) 534-8857,6,Government,09/01/1994 12:00:00 AM,75,29.233462,-98.531182
272,522007,LIFECARE HOSPITALS OF WISCONSIN,2400 GOLF ROAD,PEWAUKEE,WI,53072,Waukesha,(262) 524-2600,5,For profit,02/01/2001 12:00:00 AM,17,43.066145,-88.24445899999998
273,392031,SELECT SPECIALTY HOSPITAL - JOHNSTOWN,320 MAIN STREET,JOHNSTOWN,PA,15901,Cambria,(814) 534-7300,3,Non-profit,05/01/1999 12:00:00 AM,39,40.326132,-78.919139
274,102019,KINDRED HOSPITAL OCALA,"1500 SW 1ST AVENUE, 5TH FLOOR",OCALA,FL,34474,Marion,(352) 369-0513,4,For profit,06/01/2006 12:00:00 AM,31,29.180314000000006,-82.148787
275,032005,SELECT SPECIALTY HOSPITAL ARIZONA,"7400 EAST OSBORN RD, 3RD FLOOR",SCOTTSDALE,AZ,85251,Maricopa,(717) 972-1100,9,For profit,06/01/2000 12:00:00 AM,62,33.668727000000004,-111.823682
276,452041,CARRUS SPECIALTY HOSPITAL,1810 WEST HIGHWAY 82,SHERMAN,TX,75092,Grayson,(903) 416-4441,6,Physician,07/01/1994 12:00:00 AM,16,33.605733,-96.621911
277,332008,COLER-GOLDWATER  SPECIALTY HOSPITAL,1752 PARK AVENUE,NEW YORK,NY,10035,New York,(212) 318-8000,2,Government,07/01/1970 12:00:00 AM,411,40.664274,-73.9385
278,262011,KINDRED HOSPITAL - KANSAS CITY,8701 TROOST AVENUE,KANSAS CITY,MO,64131,Jackson,(816) 995-2000,7,For profit,08/01/1992 12:00:00 AM,167,39.125212,-94.551136
279,452105,BAYLOR SCOTT  &  WHITE CONTINUING CARE HOSPITAL,546 N KEGLEY ROAD,TEMPLE,TX,76502,Bell,(254) 215-0900,6,Non-profit,01/01/2008 12:00:00 AM,50,31.105656,-97.382522
280,392038,LIFECARE HOSPITALS OF MECHANICSBURG,4950 WILSON LANE,MECHANICSBURG,PA,17055,Cumberland,(717) 790-8540,3,For profit,01/01/2002 12:00:00 AM,68,40.211404,-77.00593
281,372017,LANE FROST HEALTH AND REHABILITATION CENTER,2815 EAST JACKSON,HUGO,OK,74743,Choctaw,(580) 326-9200,6,Non-profit,07/01/2004 12:00:00 AM,60,34.009964000000004,-95.509409
282,062017,NORTHERN COLORADO LONG TERM ACUTE HOSP - LONG TERM,4401 UNION STREET,JOHNSTOWN,CO,80534,Larimer,(970) 619-3663,8,For profit,03/01/2009 12:00:00 AM,20,40.29796,-104.932939
283,152020,"ST VINCENT SETON SPECIALTY HOSPITAL, INDIANAPOLIS",8050 TOWNSHIP LINE RD,INDIANAPOLIS,IN,46260,Marion,(317) 415-8500,5,Non-profit,02/08/2003 12:00:00 AM,74,39.776664,-86.145935
284,372005,EDMOND - AMG SPECIALTY HOSPITAL,1100 EAST 9TH STREET,EDMOND,OK,73034,Oklahoma,(405) 341-5617,6,For profit,06/01/1993 12:00:00 AM,37,35.67380700000001,-97.413076
285,192022,LIFECARE SPECIALTY HOSPITAL OF NORTH LOUISIANA,1401 EZELL STREET,RUSTON,LA,71270,Lincoln,(318) 251-3126,6,For profit,07/01/1997 12:00:00 AM,55,32.532986,-92.635327
286,232039,PIONEER SPECIALTY HOSPITAL,50 NORTH PERRY,PONTIAC,MI,48342,Oakland,(248) 593-1990,5,For profit,10/20/2014 12:00:00 AM,30,42.649228,-83.287363
287,192013,CORNERSTONE HOSPITAL SOUTHWEST LOUISIANA,703 CYPRESS STREET,SULPHUR,LA,70663,Calcasieu,(337) 310-6033,6,Non-profit,03/01/1995 12:00:00 AM,30,30.230538,-93.355222
288,192012,CHRISTUS DUBUIS HOSPITAL OF ALEXANDRIA,3330 MASONIC DR,ALEXANDRIA,LA,71301,Rapides,(318) 448-4960,6,Non-profit,07/01/1994 12:00:00 AM,25,31.293449,-92.470189
289,112015,SOUTHERN CRESCENT HOSPITAL FOR SPECIALTY CARE,11 UPPER RIVERDALE ROAD SW 6TH FLOOR,RIVERDALE,GA,30274,Clayton,(770) 897-7600,4,Non-profit,07/01/2004 12:00:00 AM,30,33.552242,-84.412973
290,192011,LIFECARE HOSPITALS OF SHREVEPORT,9320 LINWOOD AVENUE,SHREVEPORT,LA,71106,Caddo,(318) 688-8504,6,For profit,01/01/1994 12:00:00 AM,119,32.46702,-93.792684
291,152008,KINDRED HOSPITAL- INDIANAPOLIS SOUTH,607 GREENWOOD SPRINGS DRIVE,GREENWOOD,IN,46143,Johnson,(317) 888-8155,5,For profit,06/01/1994 12:00:00 AM,60,39.609531,-86.10724
292,452019,KINDRED HOSPITAL FORT WORTH- MANSFIELD,1802 HIGHWAY 157 NORTH,MANSFIELD,TX,76063,Tarrant,(817) 332-4812,6,For profit,07/18/1990 12:00:00 AM,55,26.569308000000003,-97.442331
293,422008,GHS NORTH GREENVILLE LTACH,807 NORTH MAIN STREET,TRAVELERS REST,SC,29690,Greenville,(864) 834-5132,4,Non-profit,03/01/2004 12:00:00 AM,45,34.967756,-82.441162
294,222045,CURAHEALTH BOSTON,1515 COMMONWEALTH AVENUE,BOSTON,MA,02135,Suffolk,(617) 254-1100,1,Non-profit,09/01/1994 12:00:00 AM,59,42.33196,-71.020173
295,102003,SELECT SPECIALTY HOSPITAL - ORLANDO, 5579 S ORANGE AVE,ORLANDO,FL,32809,Orange,(407) 303-1766,4,For profit,01/01/2004 12:00:00 AM,75,28.415886,-81.29875
296,272001,ADVANCED CARE HOSPITAL OF MONTANA,3528 GABEL RD,BILLINGS,MT,59102,Yellowstone,(406) 373-8000,8,For profit,09/01/2008 12:00:00 AM,40,45.789518,-108.549891
297,452112,ICON HOSPITAL,19211 MCKAY BLVD,HUMBLE,TX,77338,Harris,(704) 887-7283,6,For profit,02/01/2009 12:00:00 AM,54,29.988144,-95.26831
298,052035,KINDRED HOSPITAL WESTMINSTER,200 HOSPITAL CIRCLE,WESTMINSTER,CA,92683,Orange,(714) 893-4541,9,For profit,06/01/1993 12:00:00 AM,109,33.752153,-117.993755
299,452109,INTEGRITY TRANSITIONAL HOSPITAL,2813 SOUTH MAYHILL ROAD,DENTON,TX,76208,Denton,(816) 729-2740,6,For profit,11/21/2007 12:00:00 AM,24,33.215139,-97.141687
300,012006,INFIRMARY LTAC HOSPITAL,5 MOBILE INFIRMARY CIRCLE,MOBILE,AL,36607,Mobile,(251) 660-5611,4,Non-profit,10/01/1993 12:00:00 AM,38,30.668426,-88.100226
301,072004,HOSPITAL FOR SPECIAL CARE,2150 CORBIN AVE,NEW BRITAIN,CT,06050,Hartford,(860) 223-2761,1,Non-profit,07/01/1966 12:00:00 AM,228,41.676555,-72.78616099999998
302,422006,CONTINUECARE HOSPITAL AT PALMETTO HEALTH BAPTIST,1330 TAYLOR AT MARION STREET,COLUMBIA,SC,29220,Richland,(803) 296-3757,4,Non-profit,08/01/1999 12:00:00 AM,35,34.029783,-80.896566
303,062009,KINDRED HOSPITAL-DENVER,1920 HIGH ST,DENVER,CO,80218,Denver,(303) 331-5219,8,For profit,02/01/1991 12:00:00 AM,68,39.761849,-104.880625
304,452106,PAM SPECIALTY HOSPITAL OF NEW BRAUNFELS,1445 HANZ DRIVE,NEW BRAUNFELS,TX,78130,Comal,(830) 627-7600,6,Non-profit,05/01/2008 12:00:00 AM,40,29.699301,-98.115109
305,282003,MADONNA REHABILITATION SPECIALTY HOSPITAL OMAHA,17500 BURKE STREET,OMAHA,NE,68118,Douglas,(402) 401-3000,7,Non-profit,03/01/2015 12:00:00 AM,32,41.264675,-96.041927
306,192043,RIVERSIDE HOSPITAL OF LOUISIANA INC,13 HEYMAN LANE,ALEXANDRIA,LA,71306,Rapides,(318) 767-2900,6,For profit,08/01/2003 12:00:00 AM,28,31.293449,-92.470189
307,112006,DEKALB MEDICAL CENTER AT DECATUR,450 NORTH CANDLER STREET,DECATUR,GA,30030,DeKalb,(404) 377-0221,4,Non-profit,11/15/1996 12:00:00 AM,76,33.771455,-84.297857
308,292003,HORIZON SPECIALTY HOSPITAL,640 DESERT LANE,LAS VEGAS,NV,89106,Clark,(702) 382-3155,9,For profit,06/01/1994 12:00:00 AM,199,36.282974,-115.089262
309,452083,MID-JEFFERSON EXTENDED CARE HOSPITAL,2600 HWY 365,NEDERLAND,TX,77627,Jefferson,(409) 726-8700,6,For profit,10/01/2003 12:00:00 AM,48,29.970853,-94.000241
310,052045,KINDRED HOSPITAL BALDWIN PARK,14148 FRANCISQUITO AVENUE,BALDWIN PARK,CA,91706,Los Angeles,(626) 388-2700,9,For profit,09/01/2004 12:00:00 AM,95,34.082824,-117.971286
311,232030,SELECT SPECIALTY HOSPITAL-PONTIAC,"44405 WOODWARD AVENUE, 8TH FLOOR",PONTIAC,MI,48341,Oakland,(248) 452-5200,5,For profit,02/01/2002 12:00:00 AM,30,42.649228,-83.287363
312,222027,NEW ENGLAND SINAI HOSPITAL,150 YORK STREET,STOUGHTON,MA,02072,Norfolk,(781) 364-4850,1,Non-profit,04/30/1976 12:00:00 AM,212,42.119006,-71.10365
313,452060,VIBRA HOSPITAL OF AMARILLO,7500 WALLACE BLVD,AMARILLO,TX,79120,Potter,(806) 351-1600,6,For profit,08/01/1998 12:00:00 AM,72,35.235132,-101.79198
314,142006,THC CHICAGO INC DBA KINDRED HOSP,225 EDWARD STREET,SYCAMORE,IL,60178,DeKalb,(815) 895-2144,5,For profit,01/01/1988 12:00:00 AM,69,41.9967,-88.677526
315,192036,POST ACUTE SPECIALTY HOSPITAL OF HAMMOND,42074 VETERANS AVENUE,HAMMOND,LA,70403,Tangipahoa,(985) 902-8148,6,For profit,09/01/2002 12:00:00 AM,40,30.50565,-90.456493
316,052049,KINDRED HOSPITAL RANCHO,10841 WHITE OAK AVENUE,RANCHO CUCAMONGA,CA,91730,San Bernardino,(909) 581-6400,9,For profit,10/01/2006 12:00:00 AM,55,34.123315000000005,-117.564207
317,412001,ELEANOR SLATER HOSPITAL,111 HOWARD AVE,CRANSTON,RI,02921,Providence,(401) 462-1525,1,Government,07/01/1966 12:00:00 AM,495,41.769734,-71.485049
318,192004,PROMISE HOSPITAL BATON ROUGE,5130 MANCUSO LANE,BATON ROUGE,LA,70809,East Baton Rouge,(225) 490-9600,6,For profit,09/18/1988 12:00:00 AM,54,30.448454,-91.125899
319,362026,SELECT SPECIALTY HOSPITAL- CLEVELAND FAIRHILL,11900 FAIRHILL ROAD,CLEVELAND,OH,44120,Cuyahoga,(216) 983-8030,5,For profit,10/01/2000 12:00:00 AM,119,41.511075,-81.561766
320,362022,"SELECT SPECIALTY HOSPITAL-COLUMBUS, INC","1087 DENNISON AVENUE, 2ND FLOOR",COLUMBUS,OH,43201,Franklin,(614) 458-9000,5,Non-profit,09/01/1999 12:00:00 AM,186,39.984799,-82.98504399999999
321,222044,CURAHEALTH BOSTON NORTH SHORE,15 KING STREET,PEABODY,MA,01960,Essex,(508) 531-2900,1,For profit,05/01/1994 12:00:00 AM,50,42.534279,-70.969782
322,102021,BAYCARE ALLIANT HOSPITAL,601 MAIN ST,DUNEDIN,FL,34698,Pinellas,(727) 734-6302,4,Non-profit,03/06/2008 12:00:00 AM,48,28.025744,-82.81535799999997
323,102017,SELECT SPECIALTY HOSPITAL - PANAMA CITY,615 N BONITA AVE,PANAMA CITY,FL,32401,Bay,(850) 767-3180,4,Government,08/01/2004 12:00:00 AM,30,30.167122,-85.67250899999998
324,102029,PROMISE HOSPITAL OF FORT MYERS,3050 CHAMPION RING ROAD,FORT MYERS,FL,33905,Lee,(708) 363-4925,4,For profit,09/01/2015 12:00:00 AM,60,26.61901,-81.831956
325,452086,POST ACUTE MEDICAL SPECIALTY HOSPITAL CORPUS CH,600 ELIZABETH STREET 3RD FLOOR,CORPUS CHRISTI,TX,78404,Nueces,(361) 881-3223,6,Non-profit,04/01/2004 12:00:00 AM,22,27.754252,-97.173385
326,252013,ALLEGIANCE SPECIALTY HOSPITAL OF GREENVILLE,"300 SOUTH WASHINGTON AVE, 3RD FLOOR",GREENVILLE,MS,38701,Washington,(662) 332-7344,4,For profit,11/01/2011 12:00:00 AM,39,33.383461,-91.052314
327,292004,TAHOE PACIFIC HOSPITAL - MEADOWS,10101 DOUBLE R BLVD-1ST FLOOR,RENO,NV,89521,Washoe,(775) 331-1044,9,For profit,09/01/1997 12:00:00 AM,39,39.474487,-119.776538
328,452056,PAM  SPECIALTY HOSPITAL OF VICTORIA SOUTH,506 EAST SAN ANTONIO STREET  3RD FLOOR,VICTORIA,TX,77901,Victoria,(361) 575-1445,6,For profit,10/10/1997 12:00:00 AM,23,28.826891,-96.985409
329,362015,GRACE HOSPITAL,20000 HARVARD ROAD,WARRENSVILLE HEIGHTS,OH,44122,Cuyahoga,(216) 491-7295,5,Non-profit,07/01/1995 12:00:00 AM,104,41.439278,-81.521749
330,252010,GREENWOOD - AMG SPECIALTY HOSPITAL,1401 RIVER ROAD 2ND FLOOR,GREENWOOD,MS,38930,Leflore,(662) 451-5172,4,For profit,03/01/2005 12:00:00 AM,40,33.51246,-90.198963
331,042009,REGENCY HOSPITAL OF NORTHWEST ARKANSAS,609 WEST MAPLE AVENUE,SPRINGDALE,AR,72764,Washington,(479) 713-7000,6,For profit,11/25/2003 12:00:00 AM,50,36.186549,-94.15304
332,052033,VIBRA HOSPITAL OF SACRAMENTO,330 MONTROSE DRIVE,FOLSOM,CA,95630,Sacramento,(916) 351-9151,9,For profit,03/04/1992 12:00:00 AM,58,38.675957,-121.147656
333,062015,KINDRED HOSPITAL - DENVER SOUTH,2525 S DOWNING ST 3RD FLOOR,DENVER,CO,80210,Denver,(303) 715-7373,8,For profit,10/01/2000 12:00:00 AM,65,39.761849,-104.880625
334,122001,LEAHI HOSPITAL,3675 KILAUEA AVENUE,HONOLULU,HI,96816,Honolulu,(808) 733-8000,9,Government,01/01/1969 12:00:00 AM,9,21.325852,-157.845315
335,312014,"MATHENY SCHOOL  &  HOSPITAL, THE",65 HIGHLAND AVENUE,PEAPACK,NJ,07977,Somerset,(908) 234-0011,2,Non-profit,07/09/1976 12:00:00 AM,102,40.715782,-74.654054
336,142014,VIBRA HOSPITAL OF SPRINGFIELD,701 N WALNUT,SPRINGFIELD,IL,62702,Sangamon,(217) 528-1217,5,For profit,09/01/2011 12:00:00 AM,50,39.763908,-89.67083199999998
337,222002,CURAHEALTH STOUGHTON,909 SUMNER STREET 1ST FLOOR,STOUGHTON,MA,02072,Norfolk,(781) 848-2600,1,For profit,07/01/1966 12:00:00 AM,221,42.119006,-71.10365
338,392044,SELECT SPECIALTY HOSPITAL - PITTSBURGH/UPMC,"200 LOTHROP STREET, MUH E824",PITTSBURGH,PA,15213,Allegheny,(412) 586-9821,3,For profit,07/01/2004 12:00:00 AM,32,40.439753,-79.97659200000002
339,452095,SOLARA HOSPITAL MCALLEN,301 WEST EXPRESSWAY 83-8TH FLOOR,MC ALLEN,TX,78503,Hidalgo,(956) 632-4880,6,For profit,10/01/2005 12:00:00 AM,78,27.754252,-97.173385
340,322004,ADVANCED CARE HOSPITAL OF SOUTHERN NEW MEXICO LLC,4451 EAST LOHMAN AVENUE,LAS CRUCES,NM,88011,Dona Ana,(575) 521-6600,6,Government,03/01/2009 12:00:00 AM,20,32.322443,-106.656276
341,032001,SELECT SPECIALTY HOSPITAL PHOENIX,"350 WEST THOMAS ROAD, 3RD FLOOR",PHOENIX,AZ,85013,Maricopa,(602) 406-6810,9,For profit,06/08/1993 12:00:00 AM,48,33.572162,-112.087966
342,172004,PROMISE HOSPITAL OF OVERLAND PARK,6509 WEST 103RD STREET,OVERLAND PARK,KS,66212,Johnson,(913) 649-3701,7,Government,06/01/1995 12:00:00 AM,56,38.889042,-94.690584
343,262013,SELECT SPECIALTY HOSPITAL-ST LOUIS,300 FIRST CAPITOL DRIVE,SAINT CHARLES,MO,63301,St. Charles,(314) 768-3400,7,For profit,11/01/2000 12:00:00 AM,33,38.635699,-90.244582
344,212003,DEER'S HEAD CENTER,315 DEER'S HEAD HOSPITAL ROAD,SALISBURY,MD,21802,Wicomico,(410) 543-4000,3,Government,06/26/1991 12:00:00 AM,66,38.376867,-75.588403
345,452111,ATRIUM MEDICAL CENTER AT CORINTH,2813 S MAYHILL ROAD 2ND FLOOR,DENTON,TX,76208,Denton,(940) 320-2300,6,For profit,10/17/2007 12:00:00 AM,60,33.215139,-97.141687
346,362019,"SELECT SPECIALTY HOSPITAL-CINCINNATI, INC","375 DIXMYTH AVE, 15TH FLOOR",CINCINNATI,OH,45220,Hamilton,(513) 862-4444,5,Non-profit,08/01/1998 12:00:00 AM,36,39.139902,-84.506446
347,222047,WHITTIER REHABILITATION HOSPITAL - BRADFORD,145 WARD HILL AVENUE,BRADFORD,MA,01835,Essex,(978) 372-8000,1,For profit,10/01/2005 12:00:00 AM,60,42.65567100000001,-71.14224200000002
348,032006,"PROMISE HOSPITAL OF PHOENIX, INC.",433 EAST 6TH STREET,MESA,AZ,85203,Maricopa,(480) 427-3001,9,For profit,06/01/2005 12:00:00 AM,48,33.401926,-111.717379
349,392043,CURAHEALTH HERITAGE VALLEY,1000 DUTCH RIDGE ROAD FLOOR 2,BEAVER,PA,15009,Beaver,(724) 773-8480,3,For profit,07/01/2003 12:00:00 AM,35,40.744812,-77.216413
350,372009,"SELECT SPECIALTY HOSPITAL - OKLAHOMA CITY, INC",3524 NORTHWEST 56TH STREET,OKLAHOMA CITY,OK,73112,Oklahoma,(405) 606-6700,6,For profit,02/01/1996 12:00:00 AM,72,35.467079,-97.513657
351,192016,SPECIALTY HOSPITAL,"309 JACKSON STREET, 7TH FLOOR",MONROE,LA,71201,Ouachita,(318) 966-4126,6,For profit,07/01/1995 12:00:00 AM,32,32.519552000000004,-92.077482
352,102022,SELECT SPECIALTY HOSPITAL GAINESVILLE INC,2708 SW ARCHER RD,GAINESVILLE,FL,32608,Alachua,(352) 586-5303,4,For profit,08/01/2008 12:00:00 AM,44,29.678831,-82.345878
353,252009,REGENCY HOSPITAL OF HATTIESBURG,6051 US HIGHWAY 49 5TH FLOOR,HATTIESBURG,MS,39404,Forrest,(601) 288-8510,4,Government,06/01/2004 12:00:00 AM,33,31.309957,-89.377151
354,152018,KINDRED HOSPITAL NORTHERN INDIANA,215 W 4TH ST STE 200,MISHAWAKA,IN,46544,St. Joseph,(574) 252-2000,5,Non-profit,07/01/2001 12:00:00 AM,32,41.671733,-86.166296
355,192035,LOUISIANA EXTENDED CARE HOSPITAL OF NATCHITOCHES,501 KEYSER AVE 4TH FLOOR,NATCHITOCHES,LA,71457,Natchitoches,(318) 354-2044,6,For profit,03/28/2002 12:00:00 AM,21,31.734564,-93.10059
356,052032,KINDRED - LOS ANGELES,5525  W SLAUSON AVENUE,LOS ANGELES,CA,90056,Los Angeles,(310) 642-0325,9,For profit,01/29/1992 12:00:00 AM,81,34.019394,-118.410825
357,102025,KINDRED HOSPITAL THE PALM BEACHES,5555 W BLUE HERON BLVD,RIVIERA BEACH,FL,33418,Palm Beach,(561) 840-0754,4,For profit,06/01/2009 12:00:00 AM,70,26.782614,-80.072151
358,452023,KINDRED HOSPITAL HOUSTON MEDICAL CENTER,6441 MAIN ST,HOUSTON,TX,77030,Harris,(713) 790-0500,6,For profit,02/01/1992 12:00:00 AM,110,29.780472,-95.386342
359,222046,VIBRA HOSPITAL OF WESTERN MASSACHUSETTS,1400 STATE STREET,SPRINGFIELD,MA,01109,Hampden,(413) 787-6700,1,For profit,04/13/2001 12:00:00 AM,174,42.115454,-72.539978
360,452029,CONTINUE CARE HOSPITAL AT HENDRICK MEDICAL CENTER,1900 PINE ST 5TH FLOOR,ABILENE,TX,79601,Taylor,(325) 670-5151,6,Non-profit,09/01/1993 12:00:00 AM,46,32.454514,-99.738147
361,022001,ST ELIAS SPECIALTY HOSPITAL,4800 CORDOVA STREET,ANCHORAGE,AK,99503,Anchorage,(907) 561-3333,10,For profit,01/01/2008 12:00:00 AM,60,61.177549,-149.27435400000005
362,342018,SELECT SPECIALTY HOSPITAL DURHAM INC,3643 NORTH ROXBORO ROAD 6TH FLOOR,DURHAM,NC,27704,Durham,(919) 470-9010,4,For profit,02/01/2004 12:00:00 AM,30,35.980964,-78.905647
363,492008,HAMPTON ROADS SPECIALTY HOSPITAL,245 CHESAPEAKE AVENUE,NEWPORT NEWS,VA,23607,Newport News City,(757) 534-5000,3,Non-profit,05/01/2006 12:00:00 AM,25,37.076166,-76.521968
364,222007,HEBREW REHABILITATION CENTER,1200 CENTRE STREET,BOSTON,MA,02131,Suffolk,(617) 325-8000,1,Non-profit,07/01/1966 12:00:00 AM,675,42.33196,-71.020173
365,152007,KINDRED HOSPITAL INDIANAPOLIS,1700 W 10TH ST,INDIANAPOLIS,IN,46222,Marion,(317) 636-4400,5,For profit,02/01/1994 12:00:00 AM,59,39.776664,-86.145935
366,102030,SELECT SPECIALTY HOSPITAL DAYTONA BEACH,301 MEMORIAL MEDICAL PARKWAY,DAYTONA BEACH,FL,32117,Volusia,(386) 231-3907,4,For profit,12/01/2015 12:00:00 AM,34,29.197328,-81.088145
367,102026,FLORIDA HOSPITAL AT CONNERTON LONG TERM ACUTE CARE,9441 HEALTH CENTER DR,LAND O LAKES,FL,34637,Pasco,(813) 971-6000,4,For profit,11/01/2009 12:00:00 AM,50,28.479207,-82.529658
368,452046,PLAZA SPECIALTY HOSP,1300 BINZ,HOUSTON,TX,77004,Harris,(713) 285-1000,6,For profit,01/01/1995 12:00:00 AM,65,29.780472,-95.386342
369,142011,PRESENCE HOLY FAMILY MEDICAL CENTER,100 NORTH RIVER ROAD,DES PLAINES,IL,60016,Cook,(847) 297-1800,5,Non-profit,03/01/2006 12:00:00 AM,238,42.035118,-87.901072
370,102028,PROMISE HOSPITAL OF FLORIDA AT THE VILLAGES,5050 COUNTY ROAD 472,OXFORD,FL,34484,Sumter,(352) 689-6402,4,For profit,07/01/2012 12:00:00 AM,40,29.180314000000006,-82.148787
371,452087,SELECT SPECIALITY HOSPITAL OF LONGVIEW,700 EAST MARSHALL AVE FIRST FLOOR WEST WING,LONGVIEW,TX,75601,Gregg,(903) 315-1111,6,For profit,06/05/2003 12:00:00 AM,32,32.519305,-94.76481
372,452015,KINDRED HOSPITAL DALLAS,9525 GREENVILLE AVENUE,DALLAS,TX,75218,Dallas,(214) 355-2600,6,For profit,12/17/1987 12:00:00 AM,140,32.794176,-96.765503
373,192037,HOUMA - AMG SPECIALTY HOSPITAL,629 DUNN STREET,HOUMA,LA,70360,Terrebonne,(985) 274-0001,6,For profit,05/31/2002 12:00:00 AM,40,29.57863,-90.708032
374,112017,"LANDMARK HOSPITAL OF ATHENS, LLC",775 SUNSET DRIVE,ATHENS,GA,30606,Clarke,(706) 425-1518,4,For profit,02/01/2009 12:00:00 AM,42,33.949597,-83.370088
375,452074,KINDRED HOSPITAL TOMBALL,505 GRAHAM DRIVE,TOMBALL,TX,77375,Harris,(281) 765-2622,6,For profit,03/22/2000 12:00:00 AM,288,30.097358000000003,-95.61941
376,152027,VIBRA HOSPITAL OF FORT WAYNE,2200 RANDALLIA DRIVE 5TH FLOOR,FORT WAYNE,IN,46805,Allen,(260) 399-2900,5,For profit,09/01/2008 12:00:00 AM,48,41.088173,-85.14388000000002
377,182008,CONTINUECARE HOSPITAL AT BAPTIST HEALTH PADUCAH,"2501 KENTUCKY AVENUE, 5TH FLOOR",PADUCAH,KY,42003,McCracken,(270) 575-2100,4,Non-profit,04/01/2016 12:00:00 AM,37,37.070892,-88.644477
378,492011,UVA HEALTH SCIENCES CENTER,2965 IVY ROAD,CHARLOTTESVILLE,VA,22908,Charlottesville City,(434) 924-7897,3,Non-profit,07/01/2011 12:00:00 AM,40,38.037658,-78.485381
379,012009,"NOLAND HOSPITAL BIRMINGHAM II, LLC",50 MEDICAL PARK EAST DRIVE 8TH FLOOR,BIRMINGHAM,AL,35235,Jefferson,(205) 838-5100,4,Government,03/27/2003 12:00:00 AM,45,33.527444,-86.799047
380,102032,LANDMARK HOSPITAL OF SOUTHWEST FLORIDA,1285 CREEKSIDE BLVD E,NAPLES,FL,34108,Collier,(239) 478-8398,4,For profit,04/01/2016 12:00:00 AM,50,26.14994,-81.795215
381,342017,ASHEVILLE SPECIALTY HOSPITAL,428 BILTMORE AVENUE 4TH FLOOR,ASHEVILLE,NC,28802,Buncombe,(828) 213-1127,4,For profit,11/01/2003 12:00:00 AM,34,35.570977,-82.552738
382,262017,"SELECT SPECIALTY HOSPITAL SPRINGFIELD, INC",1630 EAST PRIMROSE,SPRINGFIELD,MO,65804,Greene,(417) 881-1657,7,For profit,11/01/2008 12:00:00 AM,44,37.194152,-93.291305
383,042008,CHRISTUS DUBUIS HOSPITAL OF FORT SMITH,"7301 ROGERS AVENUE, # 4",FORT SMITH,AR,72903,Sebastian,(479) 314-4900,6,Non-profit,05/29/2003 12:00:00 AM,25,35.349276,-94.370883
384,452073,KINDRED HOSPITAL- SAN ANTONIO CENTRAL,111 DALLAS STREET  4TH FLOOR,SAN ANTONIO,TX,78205,Bexar,(210) 297-7182,6,Non-profit,09/27/2000 12:00:00 AM,44,29.472403000000003,-98.525142
385,232027,KINDRED HOSPITAL DETROIT,4777 E OUTER DRIVE,DETROIT,MI,48234,Wayne,(313) 369-5800,5,For profit,12/01/1999 12:00:00 AM,77,42.383037,-83.102237
386,232038,SELECT SPECIALTY HOSPITAL-GROSSE POINTE,22101 MOROSS ROAD,DETROIT,MI,48236,Wayne,(313) 640-2220,5,For profit,01/01/2007 12:00:00 AM,30,42.383037,-83.102237
387,392028,CURAHEALTH PITTSBURGH,7777 STEUBENVILLE PIKE,OAKDALE,PA,15071,Allegheny,(412) 494-5500,3,For profit,07/01/1996 12:00:00 AM,63,40.400167,-80.187152
388,042011,ADVANCED CARE HOSPITAL WHITE COUNTY,1200 SOUTH MAIN STREET,SEARCY,AR,72143,White,(501) 278-3155,6,Non-profit,04/01/2008 12:00:00 AM,27,35.241134,-91.735223
389,452117,CONTINUECARE HOSPITTAL  AT MIDLAND MEMORIAL,4214 ANDREWS HIGHWAY,MIDLAND,TX,79703,Midland,(432) 221-1111,6,Non-profit,06/18/2014 12:00:00 AM,29,31.848988,-102.005075
390,452103,EL PASO LTAC HOSPTIAL,1221 N COTTON ST 3RD FLOOR,EL PASO,TX,79902,El Paso,(915) 496-9687,6,Physician,01/01/2008 12:00:00 AM,33,31.84836,-106.426979
391,362034,"REGENCY HOSPITAL OF CINCINNATI, LLC",10500 MONTGOMERY ROAD,CINCINNATI,OH,45219,Hamilton,(513) 559-5957,5,Government,02/09/2005 12:00:00 AM,39,39.139902,-84.506446
392,222000,SPAULDING HOSPITAL FOR CONTINUING MED CARE-CAMB,1575 CAMBRIDGE STREET,CAMBRIDGE,MA,02138,Middlesex,(617) 876-4344,1,Non-profit,07/01/1966 12:00:00 AM,180,42.375967,-71.118275
393,192034,ST LANDRY EXTENDED CARE HOSPITAL,"3983 I-49 SOUTH SERVICE RD, 2ND FLOOR",OPELOUSAS,LA,70570,St. Landry,(337) 948-5184,6,For profit,09/01/2002 12:00:00 AM,25,30.527919,-92.08506
394,112007,WELLSTAR WINDY HILL HOSPITAL,2540 WINDY HILL ROAD,MARIETTA,GA,30067,Cobb,(770) 644-1081,4,Non-profit,07/01/1997 12:00:00 AM,115,33.953561,-84.542463
395,312022,ACUITY SPECIALTY HOSPITAL OF SOURTHERN NEW JERSEY,218 SUNSET ROAD,WILLINGBORO,NJ,08046,Burlington,(609) 835-5782,2,For profit,09/01/2006 12:00:00 AM,30,40.02795,-74.886984
396,092003,BRIDGEPOINT -NATIONAL HARBOR,4601 MARTIN LUTHER KING JR AVENUE,WASHINGTON,DC,20032,District Of Columbia,(202) 574-5770,3,For profit,01/01/2002 12:00:00 AM,82,38.904149,-77.017094
397,452057,NEXUS SPECIALTY HOSPITAL THE WOODLANDS,9182 SIX PINES DRIVE,THE WOODLANDS,TX,77380,Montgomery,(713) 364-0317,6,For profit,04/23/1997 12:00:00 AM,75,30.171548,-95.507982
398,052034,KINDRED HOSPITAL - SAN FRANCISCO BAY AREA,2800 BENEDICT DRIVE,SAN LEANDRO,CA,94577,Alameda,(510) 357-8300,9,For profit,01/29/1993 12:00:00 AM,99,37.704625,-122.161607
399,362033,KINDRED HOSPITALS-DAYTON,707 EAST EDWIN C MOSES BLVD,DAYTON,OH,45417,Montgomery,(937) 331-9265,5,Non-profit,03/01/2005 12:00:00 AM,67,39.777394,-84.199632
400,372004,CURAHEALTH OKLAHOMA,1407 NORTH ROBINSON AVENUE,OKLAHOMA CITY,OK,73103,Oklahoma,(405) 232-8000,6,For profit,10/01/1993 12:00:00 AM,93,35.467079,-97.513657
401,032000,CURAHEALTH PHOENIX,40 EAST INDIANOLA AVENUE,PHOENIX,AZ,85012,Maricopa,(214) 707-9606,9,Non-profit,09/01/1990 12:00:00 AM,116,33.572162,-112.087966
402,492001,LAKE TAYLOR TRANSITIONAL CARE HOSPITAL,1309 KEMPSVILLE ROAD,NORFOLK,VA,23502,Norfolk City,(757) 461-5001,3,Government,07/01/1966 12:00:00 AM,296,36.923015,-76.244641
403,192019,MEMORIAL SPECIALTY HOSPITAL,"524 DR MICHAEL DEBAKEY DRIVE, 3RD FLOOR",LAKE CHARLES,LA,70601,Calcasieu,(337) 480-8990,6,For profit,01/01/1996 12:00:00 AM,29,30.202699,-93.214742
404,052051,PROMISE HOSPITAL OF SAN DIEGO,5550 UNIVERSITY AVENUE,SAN DIEGO,CA,92105,San Diego,(619) 582-3800,9,For profit,01/01/2007 12:00:00 AM,100,32.8153,-117.134993
405,252005,"SELECT SPECIALTY HOSPITAL-GULF COAST, INC",1520 BROAD AVENUE SUITE 300,GULFPORT,MS,39501,Harrison,(228) 575-7500,4,For profit,01/01/1999 12:00:00 AM,70,30.416058000000003,-89.071845
406,452034,CORNERSTONE HOSPITAL AUSTIN,4207 BURNET RD,AUSTIN,TX,78756,Travis,(512) 706-1900,6,For profit,03/01/1994 12:00:00 AM,157,30.307182,-97.755996
407,102027,KINDRED HOSPITAL MELBOURNE,765 W NASA BLVD,MELBOURNE,FL,32901,Brevard,(321) 733-5725,4,For profit,08/01/2010 12:00:00 AM,60,28.116326,-80.645713
408,452061,POST ACUTE MEDICAL SPECIALTY HOSPITAL OF TEXARKANA,2400 ST MICHAEL DRIVE 2ND FLOOR,TEXARKANA,TX,75503,Bowie,(903) 614-7600,6,For profit,02/01/1999 12:00:00 AM,49,33.448105,-94.081217
409,052044,VIBRA HOSPITAL OF SAN DIEGO,555 WASHINGTON STREET,SAN DIEGO,CA,92103,San Diego,(619) 260-8300,9,For profit,04/01/2002 12:00:00 AM,110,32.762396,-116.919695
410,452097,VIBRA SPECIALTY HOSPITAL,2700 WALKER WAY,DE SOTO,TX,75115,Dallas,(214) 638-1500,6,For profit,08/01/2007 12:00:00 AM,60,32.628423,-96.452931
411,252008,"PROMISE HOSPITAL OF VICKSBURG, INC",1111 NORTH FRONTAGE ROAD 2D FLOOR,VICKSBURG,MS,39180,Warren,(601) 883-3439,4,For profit,12/05/2003 12:00:00 AM,35,32.317838,-90.886714
412,052047,VIBRA HOSPITAL OF NORTHERN CALIFORNIA,2801 EUREKA WAY,REDDING,CA,96001,Shasta,(530) 246-9000,9,For profit,01/01/2006 12:00:00 AM,56,40.567432,-122.364827
413,132001,NORTHERN IDAHO ADVANCED CARE HOSPITAL,600 NORTH CECIL ROAD,POST FALLS,ID,83854,Kootenai,(208) 262-2800,10,For profit,10/01/2006 12:00:00 AM,40,47.720184,-116.938803
414,492010,CENTRA SPECIALTY HOSPITAL,"3300 RIVERMONT AVENUE,  KRISE BUILDING, 5TH FLOOR",LYNCHBURG,VA,24503,Lynchburg City,(434) 200-1960,3,Non-profit,01/01/2008 12:00:00 AM,36,37.399016,-79.195458
415,152028,VIBRA HOSPITAL OF NORTHWESTERN INDIANA,9509 GEORGIA ST,CROWN POINT,IN,46307,Lake,(219) 472-2200,5,For profit,02/01/2009 12:00:00 AM,40,41.417102,-87.34742299999998
416,152024,REGENCY HOSPITAL OF NORTHWEST INDIANA,4321 FIR ST 4TH FL,EAST CHICAGO,IN,46312,Lake,(219) 392-7799,5,For profit,02/01/2004 12:00:00 AM,61,41.65045900000001,-87.451123
417,362016,"SELECT SPECIALTY HOSPITAL-NORTHEAST OHIO, INC","1320 MERCY DRIVE, 6TH FLOOR",CANTON,OH,44708,Stark,(330) 489-8198,5,For profit,03/01/1997 12:00:00 AM,61,40.80765,-81.367228
418,192032,LOUISIANA EXTENDED CARE HOSPITAL OF LAFAYETTE,"1214 COOLIDGE BLVD, 9TH FLOOR",LAFAYETTE,LA,70503,Lafayette,(337) 289-8180,6,For profit,01/01/2002 12:00:00 AM,58,30.211573,-92.031394
419,512002,SELECT SPECIALTY HOSPITAL,333 LAIDLEY STREET,CHARLESTON,WV,25301,Kanawha,(304) 388-6671,3,Non-profit,09/01/2002 12:00:00 AM,32,38.348692,-81.632324
